id,stained,unstained
AS-7231-22-Z17_35840_28672,Dataset/Data/unstained/AS-7231-22-Z17_patch_35840_28672_stained.tif,Dataset/Data/tes_stain/AS-7231-22-Z17_patch_35840_28672_unstained.tif
AS-5198-23-Z35_27648_35840,Dataset/Data/stained/AS-5198-23-Z35_patch_27648_35840_stained.tif,Dataset/Data/tes_unstain/AS-5198-23-Z35_patch_27648_35840_unstained.tif
AS-7231-22-Z17_36864_20480,Dataset/Data/unstained/AS-7231-22-Z17_patch_36864_20480_stained.tif,Dataset/Data/tes_stain/AS-7231-22-Z17_patch_36864_20480_unstained.tif
AS-7231-22-Z17_40960_61440,Dataset/Data/unstained/AS-7231-22-Z17_patch_40960_61440_stained.tif,Dataset/Data/tes_stain/AS-7231-22-Z17_patch_40960_61440_unstained.tif
AS-7231-22-Z17_29696_55296,Dataset/Data/unstained/AS-7231-22-Z17_patch_29696_55296_stained.tif,Dataset/Data/tes_stain/AS-7231-22-Z17_patch_29696_55296_unstained.tif
AS-7231-22-Z17_29696_38912,Dataset/Data/unstained/AS-7231-22-Z17_patch_29696_38912_stained.tif,Dataset/Data/tes_stain/AS-7231-22-Z17_patch_29696_38912_unstained.tif
AS-7231-22-Z17_30720_54272,Dataset/Data/unstained/AS-7231-22-Z17_patch_30720_54272_stained.tif,Dataset/Data/tes_stain/AS-7231-22-Z17_patch_30720_54272_unstained.tif
AS-7231-22-Z17_38912_72704,Dataset/Data/unstained/AS-7231-22-Z17_patch_38912_72704_stained.tif,Dataset/Data/tes_stain/AS-7231-22-Z17_patch_38912_72704_unstained.tif
AS-5198-23-Z36_29696_57344,Dataset/Data/stained/AS-5198-23-Z36_patch_29696_57344_stained.tif,Dataset/Data/tes_unstain/AS-5198-23-Z36_patch_29696_57344_unstained.tif
AS-7231-22-Z17_37888_60416,Dataset/Data/unstained/AS-7231-22-Z17_patch_37888_60416_stained.tif,Dataset/Data/tes_stain/AS-7231-22-Z17_patch_37888_60416_unstained.tif
AS-5198-23-Z35_24576_40960,Dataset/Data/stained/AS-5198-23-Z35_patch_24576_40960_stained.tif,Dataset/Data/tes_unstain/AS-5198-23-Z35_patch_24576_40960_unstained.tif
AS-5198-23-Z36_27648_25600,Dataset/Data/stained/AS-5198-23-Z36_patch_27648_25600_stained.tif,Dataset/Data/tes_unstain/AS-5198-23-Z36_patch_27648_25600_unstained.tif
AS-7231-22-Z17_34816_55296,Dataset/Data/unstained/AS-7231-22-Z17_patch_34816_55296_stained.tif,Dataset/Data/tes_stain/AS-7231-22-Z17_patch_34816_55296_unstained.tif
AS-5198-23-Z35_24576_22528,Dataset/Data/stained/AS-5198-23-Z35_patch_24576_22528_stained.tif,Dataset/Data/tes_unstain/AS-5198-23-Z35_patch_24576_22528_unstained.tif
AS-5198-23-Z35_19456_35840,Dataset/Data/stained/AS-5198-23-Z35_patch_19456_35840_stained.tif,Dataset/Data/tes_unstain/AS-5198-23-Z35_patch_19456_35840_unstained.tif
AS-5198-23-Z35_22528_26624,Dataset/Data/stained/AS-5198-23-Z35_patch_22528_26624_stained.tif,Dataset/Data/tes_unstain/AS-5198-23-Z35_patch_22528_26624_unstained.tif
AS-5198-23-Z35_26624_43008,Dataset/Data/stained/AS-5198-23-Z35_patch_26624_43008_stained.tif,Dataset/Data/tes_unstain/AS-5198-23-Z35_patch_26624_43008_unstained.tif
AS-5198-23-Z35_27648_36864,Dataset/Data/stained/AS-5198-23-Z35_patch_27648_36864_stained.tif,Dataset/Data/tes_unstain/AS-5198-23-Z35_patch_27648_36864_unstained.tif
AS-5198-23-Z35_27648_27648,Dataset/Data/stained/AS-5198-23-Z35_patch_27648_27648_stained.tif,Dataset/Data/tes_unstain/AS-5198-23-Z35_patch_27648_27648_unstained.tif
AS-7231-22-Z17_28672_43008,Dataset/Data/unstained/AS-7231-22-Z17_patch_28672_43008_stained.tif,Dataset/Data/tes_stain/AS-7231-22-Z17_patch_28672_43008_unstained.tif
AS-7231-22-Z17_34816_37888,Dataset/Data/unstained/AS-7231-22-Z17_patch_34816_37888_stained.tif,Dataset/Data/tes_stain/AS-7231-22-Z17_patch_34816_37888_unstained.tif
AS-7231-22-Z17_30720_60416,Dataset/Data/unstained/AS-7231-22-Z17_patch_30720_60416_stained.tif,Dataset/Data/tes_stain/AS-7231-22-Z17_patch_30720_60416_unstained.tif
AS-7231-22-Z17_34816_27648,Dataset/Data/unstained/AS-7231-22-Z17_patch_34816_27648_stained.tif,Dataset/Data/tes_stain/AS-7231-22-Z17_patch_34816_27648_unstained.tif
AS-5198-23-Z35_21504_45056,Dataset/Data/stained/AS-5198-23-Z35_patch_21504_45056_stained.tif,Dataset/Data/tes_unstain/AS-5198-23-Z35_patch_21504_45056_unstained.tif
AS-7231-22-Z17_29696_59392,Dataset/Data/unstained/AS-7231-22-Z17_patch_29696_59392_stained.tif,Dataset/Data/tes_stain/AS-7231-22-Z17_patch_29696_59392_unstained.tif
AS-5198-23-Z35_27648_16384,Dataset/Data/stained/AS-5198-23-Z35_patch_27648_16384_stained.tif,Dataset/Data/tes_unstain/AS-5198-23-Z35_patch_27648_16384_unstained.tif
AS-7231-22-Z17_31744_45056,Dataset/Data/unstained/AS-7231-22-Z17_patch_31744_45056_stained.tif,Dataset/Data/tes_stain/AS-7231-22-Z17_patch_31744_45056_unstained.tif
AS-5198-23-Z36_29696_50176,Dataset/Data/stained/AS-5198-23-Z36_patch_29696_50176_stained.tif,Dataset/Data/tes_unstain/AS-5198-23-Z36_patch_29696_50176_unstained.tif
AS-5198-23-Z35_14336_29696,Dataset/Data/stained/AS-5198-23-Z35_patch_14336_29696_stained.tif,Dataset/Data/tes_unstain/AS-5198-23-Z35_patch_14336_29696_unstained.tif
AS-5198-23-Z35_27648_24576,Dataset/Data/stained/AS-5198-23-Z35_patch_27648_24576_stained.tif,Dataset/Data/tes_unstain/AS-5198-23-Z35_patch_27648_24576_unstained.tif
AS-7231-22-Z17_38912_58368,Dataset/Data/unstained/AS-7231-22-Z17_patch_38912_58368_stained.tif,Dataset/Data/tes_stain/AS-7231-22-Z17_patch_38912_58368_unstained.tif
AS-7231-22-Z17_29696_56320,Dataset/Data/unstained/AS-7231-22-Z17_patch_29696_56320_stained.tif,Dataset/Data/tes_stain/AS-7231-22-Z17_patch_29696_56320_unstained.tif
AS-5198-23-Z36_30720_36864,Dataset/Data/stained/AS-5198-23-Z36_patch_30720_36864_stained.tif,Dataset/Data/tes_unstain/AS-5198-23-Z36_patch_30720_36864_unstained.tif
AS-7231-22-Z17_29696_40960,Dataset/Data/unstained/AS-7231-22-Z17_patch_29696_40960_stained.tif,Dataset/Data/tes_stain/AS-7231-22-Z17_patch_29696_40960_unstained.tif
AS-5198-23-Z36_30720_39936,Dataset/Data/stained/AS-5198-23-Z36_patch_30720_39936_stained.tif,Dataset/Data/tes_unstain/AS-5198-23-Z36_patch_30720_39936_unstained.tif
AS-7231-22-Z17_32768_49152,Dataset/Data/unstained/AS-7231-22-Z17_patch_32768_49152_stained.tif,Dataset/Data/tes_stain/AS-7231-22-Z17_patch_32768_49152_unstained.tif
AS-5198-23-Z35_23552_14336,Dataset/Data/stained/AS-5198-23-Z35_patch_23552_14336_stained.tif,Dataset/Data/tes_unstain/AS-5198-23-Z35_patch_23552_14336_unstained.tif
AS-5198-23-Z35_21504_30720,Dataset/Data/stained/AS-5198-23-Z35_patch_21504_30720_stained.tif,Dataset/Data/tes_unstain/AS-5198-23-Z35_patch_21504_30720_unstained.tif
AS-7231-22-Z17_36864_34816,Dataset/Data/unstained/AS-7231-22-Z17_patch_36864_34816_stained.tif,Dataset/Data/tes_stain/AS-7231-22-Z17_patch_36864_34816_unstained.tif
AS-5198-23-Z36_29696_28672,Dataset/Data/stained/AS-5198-23-Z36_patch_29696_28672_stained.tif,Dataset/Data/tes_unstain/AS-5198-23-Z36_patch_29696_28672_unstained.tif
AS-7231-22-Z17_39936_74752,Dataset/Data/unstained/AS-7231-22-Z17_patch_39936_74752_stained.tif,Dataset/Data/tes_stain/AS-7231-22-Z17_patch_39936_74752_unstained.tif
AS-5198-23-Z35_20480_17408,Dataset/Data/stained/AS-5198-23-Z35_patch_20480_17408_stained.tif,Dataset/Data/tes_unstain/AS-5198-23-Z35_patch_20480_17408_unstained.tif
AS-7231-22-Z17_40960_66560,Dataset/Data/unstained/AS-7231-22-Z17_patch_40960_66560_stained.tif,Dataset/Data/tes_stain/AS-7231-22-Z17_patch_40960_66560_unstained.tif
AS-5198-23-Z35_23552_25600,Dataset/Data/stained/AS-5198-23-Z35_patch_23552_25600_stained.tif,Dataset/Data/tes_unstain/AS-5198-23-Z35_patch_23552_25600_unstained.tif
AS-5198-23-Z35_26624_13312,Dataset/Data/stained/AS-5198-23-Z35_patch_26624_13312_stained.tif,Dataset/Data/tes_unstain/AS-5198-23-Z35_patch_26624_13312_unstained.tif
AS-7231-22-Z17_38912_59392,Dataset/Data/unstained/AS-7231-22-Z17_patch_38912_59392_stained.tif,Dataset/Data/tes_stain/AS-7231-22-Z17_patch_38912_59392_unstained.tif
AS-5198-23-Z35_19456_25600,Dataset/Data/stained/AS-5198-23-Z35_patch_19456_25600_stained.tif,Dataset/Data/tes_unstain/AS-5198-23-Z35_patch_19456_25600_unstained.tif
AS-5198-23-Z35_26624_31744,Dataset/Data/stained/AS-5198-23-Z35_patch_26624_31744_stained.tif,Dataset/Data/tes_unstain/AS-5198-23-Z35_patch_26624_31744_unstained.tif
AS-5198-23-Z35_21504_43008,Dataset/Data/stained/AS-5198-23-Z35_patch_21504_43008_stained.tif,Dataset/Data/tes_unstain/AS-5198-23-Z35_patch_21504_43008_unstained.tif
AS-5198-23-Z35_26624_40960,Dataset/Data/stained/AS-5198-23-Z35_patch_26624_40960_stained.tif,Dataset/Data/tes_unstain/AS-5198-23-Z35_patch_26624_40960_unstained.tif
AS-7231-22-Z17_38912_60416,Dataset/Data/unstained/AS-7231-22-Z17_patch_38912_60416_stained.tif,Dataset/Data/tes_stain/AS-7231-22-Z17_patch_38912_60416_unstained.tif
AS-5198-23-Z35_27648_34816,Dataset/Data/stained/AS-5198-23-Z35_patch_27648_34816_stained.tif,Dataset/Data/tes_unstain/AS-5198-23-Z35_patch_27648_34816_unstained.tif
AS-5198-23-Z35_22528_22528,Dataset/Data/stained/AS-5198-23-Z35_patch_22528_22528_stained.tif,Dataset/Data/tes_unstain/AS-5198-23-Z35_patch_22528_22528_unstained.tif
AS-7231-22-Z17_34816_24576,Dataset/Data/unstained/AS-7231-22-Z17_patch_34816_24576_stained.tif,Dataset/Data/tes_stain/AS-7231-22-Z17_patch_34816_24576_unstained.tif
AS-7231-22-Z17_36864_23552,Dataset/Data/unstained/AS-7231-22-Z17_patch_36864_23552_stained.tif,Dataset/Data/tes_stain/AS-7231-22-Z17_patch_36864_23552_unstained.tif
AS-5198-23-Z35_22528_11264,Dataset/Data/stained/AS-5198-23-Z35_patch_22528_11264_stained.tif,Dataset/Data/tes_unstain/AS-5198-23-Z35_patch_22528_11264_unstained.tif
AS-5198-23-Z36_28672_57344,Dataset/Data/stained/AS-5198-23-Z36_patch_28672_57344_stained.tif,Dataset/Data/tes_unstain/AS-5198-23-Z36_patch_28672_57344_unstained.tif
AS-5198-23-Z35_22528_43008,Dataset/Data/stained/AS-5198-23-Z35_patch_22528_43008_stained.tif,Dataset/Data/tes_unstain/AS-5198-23-Z35_patch_22528_43008_unstained.tif
AS-5198-23-Z35_17408_23552,Dataset/Data/stained/AS-5198-23-Z35_patch_17408_23552_stained.tif,Dataset/Data/tes_unstain/AS-5198-23-Z35_patch_17408_23552_unstained.tif
AS-7231-22-Z17_30720_28672,Dataset/Data/unstained/AS-7231-22-Z17_patch_30720_28672_stained.tif,Dataset/Data/tes_stain/AS-7231-22-Z17_patch_30720_28672_unstained.tif
AS-5198-23-Z35_23552_37888,Dataset/Data/stained/AS-5198-23-Z35_patch_23552_37888_stained.tif,Dataset/Data/tes_unstain/AS-5198-23-Z35_patch_23552_37888_unstained.tif
AS-5198-23-Z36_28672_36864,Dataset/Data/stained/AS-5198-23-Z36_patch_28672_36864_stained.tif,Dataset/Data/tes_unstain/AS-5198-23-Z36_patch_28672_36864_unstained.tif
AS-7231-22-Z17_32768_46080,Dataset/Data/unstained/AS-7231-22-Z17_patch_32768_46080_stained.tif,Dataset/Data/tes_stain/AS-7231-22-Z17_patch_32768_46080_unstained.tif
AS-5198-23-Z35_23552_11264,Dataset/Data/stained/AS-5198-23-Z35_patch_23552_11264_stained.tif,Dataset/Data/tes_unstain/AS-5198-23-Z35_patch_23552_11264_unstained.tif
AS-5198-23-Z36_30720_51200,Dataset/Data/stained/AS-5198-23-Z36_patch_30720_51200_stained.tif,Dataset/Data/tes_unstain/AS-5198-23-Z36_patch_30720_51200_unstained.tif
AS-5198-23-Z35_22528_18432,Dataset/Data/stained/AS-5198-23-Z35_patch_22528_18432_stained.tif,Dataset/Data/tes_unstain/AS-5198-23-Z35_patch_22528_18432_unstained.tif
AS-5198-23-Z35_23552_15360,Dataset/Data/stained/AS-5198-23-Z35_patch_23552_15360_stained.tif,Dataset/Data/tes_unstain/AS-5198-23-Z35_patch_23552_15360_unstained.tif
AS-5198-23-Z35_15360_28672,Dataset/Data/stained/AS-5198-23-Z35_patch_15360_28672_stained.tif,Dataset/Data/tes_unstain/AS-5198-23-Z35_patch_15360_28672_unstained.tif
AS-7231-22-Z17_36864_38912,Dataset/Data/unstained/AS-7231-22-Z17_patch_36864_38912_stained.tif,Dataset/Data/tes_stain/AS-7231-22-Z17_patch_36864_38912_unstained.tif
AS-7231-22-Z17_34816_72704,Dataset/Data/unstained/AS-7231-22-Z17_patch_34816_72704_stained.tif,Dataset/Data/tes_stain/AS-7231-22-Z17_patch_34816_72704_unstained.tif
AS-5198-23-Z35_19456_29696,Dataset/Data/stained/AS-5198-23-Z35_patch_19456_29696_stained.tif,Dataset/Data/tes_unstain/AS-5198-23-Z35_patch_19456_29696_unstained.tif
AS-7231-22-Z17_33792_59392,Dataset/Data/unstained/AS-7231-22-Z17_patch_33792_59392_stained.tif,Dataset/Data/tes_stain/AS-7231-22-Z17_patch_33792_59392_unstained.tif
AS-5198-23-Z36_28672_64512,Dataset/Data/stained/AS-5198-23-Z36_patch_28672_64512_stained.tif,Dataset/Data/tes_unstain/AS-5198-23-Z36_patch_28672_64512_unstained.tif
AS-5198-23-Z35_25600_14336,Dataset/Data/stained/AS-5198-23-Z35_patch_25600_14336_stained.tif,Dataset/Data/tes_unstain/AS-5198-23-Z35_patch_25600_14336_unstained.tif
AS-5198-23-Z35_22528_23552,Dataset/Data/stained/AS-5198-23-Z35_patch_22528_23552_stained.tif,Dataset/Data/tes_unstain/AS-5198-23-Z35_patch_22528_23552_unstained.tif
AS-7231-22-Z17_35840_64512,Dataset/Data/unstained/AS-7231-22-Z17_patch_35840_64512_stained.tif,Dataset/Data/tes_stain/AS-7231-22-Z17_patch_35840_64512_unstained.tif
AS-5198-23-Z35_24576_47104,Dataset/Data/stained/AS-5198-23-Z35_patch_24576_47104_stained.tif,Dataset/Data/tes_unstain/AS-5198-23-Z35_patch_24576_47104_unstained.tif
AS-5198-23-Z35_24576_32768,Dataset/Data/stained/AS-5198-23-Z35_patch_24576_32768_stained.tif,Dataset/Data/tes_unstain/AS-5198-23-Z35_patch_24576_32768_unstained.tif
AS-7231-22-Z17_44032_73728,Dataset/Data/unstained/AS-7231-22-Z17_patch_44032_73728_stained.tif,Dataset/Data/tes_stain/AS-7231-22-Z17_patch_44032_73728_unstained.tif
AS-7231-22-Z17_43008_71680,Dataset/Data/unstained/AS-7231-22-Z17_patch_43008_71680_stained.tif,Dataset/Data/tes_stain/AS-7231-22-Z17_patch_43008_71680_unstained.tif
AS-5198-23-Z35_21504_44032,Dataset/Data/stained/AS-5198-23-Z35_patch_21504_44032_stained.tif,Dataset/Data/tes_unstain/AS-5198-23-Z35_patch_21504_44032_unstained.tif
AS-7231-22-Z17_45056_65536,Dataset/Data/unstained/AS-7231-22-Z17_patch_45056_65536_stained.tif,Dataset/Data/tes_stain/AS-7231-22-Z17_patch_45056_65536_unstained.tif
AS-7231-22-Z17_38912_71680,Dataset/Data/unstained/AS-7231-22-Z17_patch_38912_71680_stained.tif,Dataset/Data/tes_stain/AS-7231-22-Z17_patch_38912_71680_unstained.tif
AS-5198-23-Z35_23552_29696,Dataset/Data/stained/AS-5198-23-Z35_patch_23552_29696_stained.tif,Dataset/Data/tes_unstain/AS-5198-23-Z35_patch_23552_29696_unstained.tif
AS-5198-23-Z35_17408_36864,Dataset/Data/stained/AS-5198-23-Z35_patch_17408_36864_stained.tif,Dataset/Data/tes_unstain/AS-5198-23-Z35_patch_17408_36864_unstained.tif
AS-7231-22-Z17_31744_48128,Dataset/Data/unstained/AS-7231-22-Z17_patch_31744_48128_stained.tif,Dataset/Data/tes_stain/AS-7231-22-Z17_patch_31744_48128_unstained.tif
AS-5198-23-Z35_20480_40960,Dataset/Data/stained/AS-5198-23-Z35_patch_20480_40960_stained.tif,Dataset/Data/tes_unstain/AS-5198-23-Z35_patch_20480_40960_unstained.tif
AS-7231-22-Z17_30720_61440,Dataset/Data/unstained/AS-7231-22-Z17_patch_30720_61440_stained.tif,Dataset/Data/tes_stain/AS-7231-22-Z17_patch_30720_61440_unstained.tif
AS-5198-23-Z35_18432_34816,Dataset/Data/stained/AS-5198-23-Z35_patch_18432_34816_stained.tif,Dataset/Data/tes_unstain/AS-5198-23-Z35_patch_18432_34816_unstained.tif
AS-7231-22-Z17_43008_70656,Dataset/Data/unstained/AS-7231-22-Z17_patch_43008_70656_stained.tif,Dataset/Data/tes_stain/AS-7231-22-Z17_patch_43008_70656_unstained.tif
AS-5198-23-Z36_29696_51200,Dataset/Data/stained/AS-5198-23-Z36_patch_29696_51200_stained.tif,Dataset/Data/tes_unstain/AS-5198-23-Z36_patch_29696_51200_unstained.tif
AS-7231-22-Z17_43008_66560,Dataset/Data/unstained/AS-7231-22-Z17_patch_43008_66560_stained.tif,Dataset/Data/tes_stain/AS-7231-22-Z17_patch_43008_66560_unstained.tif
AS-7231-22-Z17_37888_46080,Dataset/Data/unstained/AS-7231-22-Z17_patch_37888_46080_stained.tif,Dataset/Data/tes_stain/AS-7231-22-Z17_patch_37888_46080_unstained.tif
AS-5198-23-Z35_16384_34816,Dataset/Data/stained/AS-5198-23-Z35_patch_16384_34816_stained.tif,Dataset/Data/tes_unstain/AS-5198-23-Z35_patch_16384_34816_unstained.tif
AS-7231-22-Z17_32768_47104,Dataset/Data/unstained/AS-7231-22-Z17_patch_32768_47104_stained.tif,Dataset/Data/tes_stain/AS-7231-22-Z17_patch_32768_47104_unstained.tif
AS-7231-22-Z17_29696_39936,Dataset/Data/unstained/AS-7231-22-Z17_patch_29696_39936_stained.tif,Dataset/Data/tes_stain/AS-7231-22-Z17_patch_29696_39936_unstained.tif
AS-7231-22-Z17_45056_66560,Dataset/Data/unstained/AS-7231-22-Z17_patch_45056_66560_stained.tif,Dataset/Data/tes_stain/AS-7231-22-Z17_patch_45056_66560_unstained.tif
AS-7231-22-Z17_34816_20480,Dataset/Data/unstained/AS-7231-22-Z17_patch_34816_20480_stained.tif,Dataset/Data/tes_stain/AS-7231-22-Z17_patch_34816_20480_unstained.tif
AS-7231-22-Z17_39936_71680,Dataset/Data/unstained/AS-7231-22-Z17_patch_39936_71680_stained.tif,Dataset/Data/tes_stain/AS-7231-22-Z17_patch_39936_71680_unstained.tif
AS-5198-23-Z36_26624_26624,Dataset/Data/stained/AS-5198-23-Z36_patch_26624_26624_stained.tif,Dataset/Data/tes_unstain/AS-5198-23-Z36_patch_26624_26624_unstained.tif
AS-5198-23-Z35_18432_29696,Dataset/Data/stained/AS-5198-23-Z35_patch_18432_29696_stained.tif,Dataset/Data/tes_unstain/AS-5198-23-Z35_patch_18432_29696_unstained.tif
AS-7231-22-Z17_46080_69632,Dataset/Data/unstained/AS-7231-22-Z17_patch_46080_69632_stained.tif,Dataset/Data/tes_stain/AS-7231-22-Z17_patch_46080_69632_unstained.tif
AS-7231-22-Z17_28672_59392,Dataset/Data/unstained/AS-7231-22-Z17_patch_28672_59392_stained.tif,Dataset/Data/tes_stain/AS-7231-22-Z17_patch_28672_59392_unstained.tif
AS-7231-22-Z17_39936_65536,Dataset/Data/unstained/AS-7231-22-Z17_patch_39936_65536_stained.tif,Dataset/Data/tes_stain/AS-7231-22-Z17_patch_39936_65536_unstained.tif
AS-7231-22-Z17_31744_71680,Dataset/Data/unstained/AS-7231-22-Z17_patch_31744_71680_stained.tif,Dataset/Data/tes_stain/AS-7231-22-Z17_patch_31744_71680_unstained.tif
AS-5198-23-Z35_25600_43008,Dataset/Data/stained/AS-5198-23-Z35_patch_25600_43008_stained.tif,Dataset/Data/tes_unstain/AS-5198-23-Z35_patch_25600_43008_unstained.tif
AS-7231-22-Z17_29696_46080,Dataset/Data/unstained/AS-7231-22-Z17_patch_29696_46080_stained.tif,Dataset/Data/tes_stain/AS-7231-22-Z17_patch_29696_46080_unstained.tif
AS-7231-22-Z17_34816_36864,Dataset/Data/unstained/AS-7231-22-Z17_patch_34816_36864_stained.tif,Dataset/Data/tes_stain/AS-7231-22-Z17_patch_34816_36864_unstained.tif
AS-7231-22-Z17_33792_58368,Dataset/Data/unstained/AS-7231-22-Z17_patch_33792_58368_stained.tif,Dataset/Data/tes_stain/AS-7231-22-Z17_patch_33792_58368_unstained.tif
AS-5198-23-Z36_30720_65536,Dataset/Data/stained/AS-5198-23-Z36_patch_30720_65536_stained.tif,Dataset/Data/tes_unstain/AS-5198-23-Z36_patch_30720_65536_unstained.tif
AS-7231-22-Z17_31744_68608,Dataset/Data/unstained/AS-7231-22-Z17_patch_31744_68608_stained.tif,Dataset/Data/tes_stain/AS-7231-22-Z17_patch_31744_68608_unstained.tif
AS-7231-22-Z17_38912_56320,Dataset/Data/unstained/AS-7231-22-Z17_patch_38912_56320_stained.tif,Dataset/Data/tes_stain/AS-7231-22-Z17_patch_38912_56320_unstained.tif
AS-5198-23-Z35_16384_28672,Dataset/Data/stained/AS-5198-23-Z35_patch_16384_28672_stained.tif,Dataset/Data/tes_unstain/AS-5198-23-Z35_patch_16384_28672_unstained.tif
AS-7231-22-Z17_34816_41984,Dataset/Data/unstained/AS-7231-22-Z17_patch_34816_41984_stained.tif,Dataset/Data/tes_stain/AS-7231-22-Z17_patch_34816_41984_unstained.tif
AS-7231-22-Z17_28672_46080,Dataset/Data/unstained/AS-7231-22-Z17_patch_28672_46080_stained.tif,Dataset/Data/tes_stain/AS-7231-22-Z17_patch_28672_46080_unstained.tif
AS-7231-22-Z17_31744_37888,Dataset/Data/unstained/AS-7231-22-Z17_patch_31744_37888_stained.tif,Dataset/Data/tes_stain/AS-7231-22-Z17_patch_31744_37888_unstained.tif
AS-5198-23-Z36_29696_41984,Dataset/Data/stained/AS-5198-23-Z36_patch_29696_41984_stained.tif,Dataset/Data/tes_unstain/AS-5198-23-Z36_patch_29696_41984_unstained.tif
AS-5198-23-Z36_27648_63488,Dataset/Data/stained/AS-5198-23-Z36_patch_27648_63488_stained.tif,Dataset/Data/tes_unstain/AS-5198-23-Z36_patch_27648_63488_unstained.tif
AS-5198-23-Z35_19456_39936,Dataset/Data/stained/AS-5198-23-Z35_patch_19456_39936_stained.tif,Dataset/Data/tes_unstain/AS-5198-23-Z35_patch_19456_39936_unstained.tif
AS-5198-23-Z35_18432_39936,Dataset/Data/stained/AS-5198-23-Z35_patch_18432_39936_stained.tif,Dataset/Data/tes_unstain/AS-5198-23-Z35_patch_18432_39936_unstained.tif
AS-5198-23-Z36_29696_46080,Dataset/Data/stained/AS-5198-23-Z36_patch_29696_46080_stained.tif,Dataset/Data/tes_unstain/AS-5198-23-Z36_patch_29696_46080_unstained.tif
AS-5198-23-Z35_26624_11264,Dataset/Data/stained/AS-5198-23-Z35_patch_26624_11264_stained.tif,Dataset/Data/tes_unstain/AS-5198-23-Z35_patch_26624_11264_unstained.tif
AS-5198-23-Z35_26624_25600,Dataset/Data/stained/AS-5198-23-Z35_patch_26624_25600_stained.tif,Dataset/Data/tes_unstain/AS-5198-23-Z35_patch_26624_25600_unstained.tif
AS-5198-23-Z36_27648_41984,Dataset/Data/stained/AS-5198-23-Z36_patch_27648_41984_stained.tif,Dataset/Data/tes_unstain/AS-5198-23-Z36_patch_27648_41984_unstained.tif
AS-5198-23-Z36_27648_35840,Dataset/Data/stained/AS-5198-23-Z36_patch_27648_35840_stained.tif,Dataset/Data/tes_unstain/AS-5198-23-Z36_patch_27648_35840_unstained.tif
AS-5198-23-Z36_29696_65536,Dataset/Data/stained/AS-5198-23-Z36_patch_29696_65536_stained.tif,Dataset/Data/tes_unstain/AS-5198-23-Z36_patch_29696_65536_unstained.tif
AS-5198-23-Z35_26624_18432,Dataset/Data/stained/AS-5198-23-Z35_patch_26624_18432_stained.tif,Dataset/Data/tes_unstain/AS-5198-23-Z35_patch_26624_18432_unstained.tif
AS-5198-23-Z35_15360_34816,Dataset/Data/stained/AS-5198-23-Z35_patch_15360_34816_stained.tif,Dataset/Data/tes_unstain/AS-5198-23-Z35_patch_15360_34816_unstained.tif
AS-5198-23-Z35_23552_26624,Dataset/Data/stained/AS-5198-23-Z35_patch_23552_26624_stained.tif,Dataset/Data/tes_unstain/AS-5198-23-Z35_patch_23552_26624_unstained.tif
AS-5198-23-Z36_28672_24576,Dataset/Data/stained/AS-5198-23-Z36_patch_28672_24576_stained.tif,Dataset/Data/tes_unstain/AS-5198-23-Z36_patch_28672_24576_unstained.tif
AS-5198-23-Z36_30720_55296,Dataset/Data/stained/AS-5198-23-Z36_patch_30720_55296_stained.tif,Dataset/Data/tes_unstain/AS-5198-23-Z36_patch_30720_55296_unstained.tif
AS-7231-22-Z17_31744_53248,Dataset/Data/unstained/AS-7231-22-Z17_patch_31744_53248_stained.tif,Dataset/Data/tes_stain/AS-7231-22-Z17_patch_31744_53248_unstained.tif
AS-5198-23-Z35_24576_35840,Dataset/Data/stained/AS-5198-23-Z35_patch_24576_35840_stained.tif,Dataset/Data/tes_unstain/AS-5198-23-Z35_patch_24576_35840_unstained.tif
AS-7231-22-Z17_30720_71680,Dataset/Data/unstained/AS-7231-22-Z17_patch_30720_71680_stained.tif,Dataset/Data/tes_stain/AS-7231-22-Z17_patch_30720_71680_unstained.tif
AS-7231-22-Z17_34816_25600,Dataset/Data/unstained/AS-7231-22-Z17_patch_34816_25600_stained.tif,Dataset/Data/tes_stain/AS-7231-22-Z17_patch_34816_25600_unstained.tif
AS-7231-22-Z17_28672_39936,Dataset/Data/unstained/AS-7231-22-Z17_patch_28672_39936_stained.tif,Dataset/Data/tes_stain/AS-7231-22-Z17_patch_28672_39936_unstained.tif
AS-7231-22-Z17_30720_52224,Dataset/Data/unstained/AS-7231-22-Z17_patch_30720_52224_stained.tif,Dataset/Data/tes_stain/AS-7231-22-Z17_patch_30720_52224_unstained.tif
AS-7231-22-Z17_32768_66560,Dataset/Data/unstained/AS-7231-22-Z17_patch_32768_66560_stained.tif,Dataset/Data/tes_stain/AS-7231-22-Z17_patch_32768_66560_unstained.tif
AS-7231-22-Z17_31744_47104,Dataset/Data/unstained/AS-7231-22-Z17_patch_31744_47104_stained.tif,Dataset/Data/tes_stain/AS-7231-22-Z17_patch_31744_47104_unstained.tif
AS-5198-23-Z35_23552_20480,Dataset/Data/stained/AS-5198-23-Z35_patch_23552_20480_stained.tif,Dataset/Data/tes_unstain/AS-5198-23-Z35_patch_23552_20480_unstained.tif
AS-7231-22-Z17_44032_63488,Dataset/Data/unstained/AS-7231-22-Z17_patch_44032_63488_stained.tif,Dataset/Data/tes_stain/AS-7231-22-Z17_patch_44032_63488_unstained.tif
AS-7231-22-Z17_33792_71680,Dataset/Data/unstained/AS-7231-22-Z17_patch_33792_71680_stained.tif,Dataset/Data/tes_stain/AS-7231-22-Z17_patch_33792_71680_unstained.tif
AS-7231-22-Z17_30720_58368,Dataset/Data/unstained/AS-7231-22-Z17_patch_30720_58368_stained.tif,Dataset/Data/tes_stain/AS-7231-22-Z17_patch_30720_58368_unstained.tif
AS-7231-22-Z17_31744_55296,Dataset/Data/unstained/AS-7231-22-Z17_patch_31744_55296_stained.tif,Dataset/Data/tes_stain/AS-7231-22-Z17_patch_31744_55296_unstained.tif
AS-5198-23-Z36_28672_52224,Dataset/Data/stained/AS-5198-23-Z36_patch_28672_52224_stained.tif,Dataset/Data/tes_unstain/AS-5198-23-Z36_patch_28672_52224_unstained.tif
AS-5198-23-Z35_22528_41984,Dataset/Data/stained/AS-5198-23-Z35_patch_22528_41984_stained.tif,Dataset/Data/tes_unstain/AS-5198-23-Z35_patch_22528_41984_unstained.tif
AS-5198-23-Z35_25600_25600,Dataset/Data/stained/AS-5198-23-Z35_patch_25600_25600_stained.tif,Dataset/Data/tes_unstain/AS-5198-23-Z35_patch_25600_25600_unstained.tif
AS-7231-22-Z17_32768_41984,Dataset/Data/unstained/AS-7231-22-Z17_patch_32768_41984_stained.tif,Dataset/Data/tes_stain/AS-7231-22-Z17_patch_32768_41984_unstained.tif
AS-7231-22-Z17_38912_49152,Dataset/Data/unstained/AS-7231-22-Z17_patch_38912_49152_stained.tif,Dataset/Data/tes_stain/AS-7231-22-Z17_patch_38912_49152_unstained.tif
AS-7231-22-Z17_33792_46080,Dataset/Data/unstained/AS-7231-22-Z17_patch_33792_46080_stained.tif,Dataset/Data/tes_stain/AS-7231-22-Z17_patch_33792_46080_unstained.tif
AS-5198-23-Z36_28672_31744,Dataset/Data/stained/AS-5198-23-Z36_patch_28672_31744_stained.tif,Dataset/Data/tes_unstain/AS-5198-23-Z36_patch_28672_31744_unstained.tif
AS-5198-23-Z36_29696_29696,Dataset/Data/stained/AS-5198-23-Z36_patch_29696_29696_stained.tif,Dataset/Data/tes_unstain/AS-5198-23-Z36_patch_29696_29696_unstained.tif
AS-5198-23-Z35_19456_30720,Dataset/Data/stained/AS-5198-23-Z35_patch_19456_30720_stained.tif,Dataset/Data/tes_unstain/AS-5198-23-Z35_patch_19456_30720_unstained.tif
AS-5198-23-Z35_21504_14336,Dataset/Data/stained/AS-5198-23-Z35_patch_21504_14336_stained.tif,Dataset/Data/tes_unstain/AS-5198-23-Z35_patch_21504_14336_unstained.tif
AS-7231-22-Z17_41984_60416,Dataset/Data/unstained/AS-7231-22-Z17_patch_41984_60416_stained.tif,Dataset/Data/tes_stain/AS-7231-22-Z17_patch_41984_60416_unstained.tif
AS-7231-22-Z17_29696_69632,Dataset/Data/unstained/AS-7231-22-Z17_patch_29696_69632_stained.tif,Dataset/Data/tes_stain/AS-7231-22-Z17_patch_29696_69632_unstained.tif
AS-5198-23-Z36_28672_47104,Dataset/Data/stained/AS-5198-23-Z36_patch_28672_47104_stained.tif,Dataset/Data/tes_unstain/AS-5198-23-Z36_patch_28672_47104_unstained.tif
AS-5198-23-Z35_20480_36864,Dataset/Data/stained/AS-5198-23-Z35_patch_20480_36864_stained.tif,Dataset/Data/tes_unstain/AS-5198-23-Z35_patch_20480_36864_unstained.tif
AS-5198-23-Z35_21504_15360,Dataset/Data/stained/AS-5198-23-Z35_patch_21504_15360_stained.tif,Dataset/Data/tes_unstain/AS-5198-23-Z35_patch_21504_15360_unstained.tif
AS-5198-23-Z36_29696_34816,Dataset/Data/stained/AS-5198-23-Z36_patch_29696_34816_stained.tif,Dataset/Data/tes_unstain/AS-5198-23-Z36_patch_29696_34816_unstained.tif
AS-5198-23-Z36_30720_35840,Dataset/Data/stained/AS-5198-23-Z36_patch_30720_35840_stained.tif,Dataset/Data/tes_unstain/AS-5198-23-Z36_patch_30720_35840_unstained.tif
AS-5198-23-Z36_30720_28672,Dataset/Data/stained/AS-5198-23-Z36_patch_30720_28672_stained.tif,Dataset/Data/tes_unstain/AS-5198-23-Z36_patch_30720_28672_unstained.tif
AS-5198-23-Z36_29696_26624,Dataset/Data/stained/AS-5198-23-Z36_patch_29696_26624_stained.tif,Dataset/Data/tes_unstain/AS-5198-23-Z36_patch_29696_26624_unstained.tif
AS-5198-23-Z35_20480_24576,Dataset/Data/stained/AS-5198-23-Z35_patch_20480_24576_stained.tif,Dataset/Data/tes_unstain/AS-5198-23-Z35_patch_20480_24576_unstained.tif
AS-7231-22-Z17_39936_63488,Dataset/Data/unstained/AS-7231-22-Z17_patch_39936_63488_stained.tif,Dataset/Data/tes_stain/AS-7231-22-Z17_patch_39936_63488_unstained.tif
AS-5198-23-Z35_20480_16384,Dataset/Data/stained/AS-5198-23-Z35_patch_20480_16384_stained.tif,Dataset/Data/tes_unstain/AS-5198-23-Z35_patch_20480_16384_unstained.tif
AS-5198-23-Z35_27648_45056,Dataset/Data/stained/AS-5198-23-Z35_patch_27648_45056_stained.tif,Dataset/Data/tes_unstain/AS-5198-23-Z35_patch_27648_45056_unstained.tif
AS-7231-22-Z17_44032_72704,Dataset/Data/unstained/AS-7231-22-Z17_patch_44032_72704_stained.tif,Dataset/Data/tes_stain/AS-7231-22-Z17_patch_44032_72704_unstained.tif
AS-7231-22-Z17_39936_66560,Dataset/Data/unstained/AS-7231-22-Z17_patch_39936_66560_stained.tif,Dataset/Data/tes_stain/AS-7231-22-Z17_patch_39936_66560_unstained.tif
AS-7231-22-Z17_40960_60416,Dataset/Data/unstained/AS-7231-22-Z17_patch_40960_60416_stained.tif,Dataset/Data/tes_stain/AS-7231-22-Z17_patch_40960_60416_unstained.tif
AS-7231-22-Z17_31744_44032,Dataset/Data/unstained/AS-7231-22-Z17_patch_31744_44032_stained.tif,Dataset/Data/tes_stain/AS-7231-22-Z17_patch_31744_44032_unstained.tif
AS-7231-22-Z17_30720_66560,Dataset/Data/unstained/AS-7231-22-Z17_patch_30720_66560_stained.tif,Dataset/Data/tes_stain/AS-7231-22-Z17_patch_30720_66560_unstained.tif
AS-7231-22-Z17_35840_35840,Dataset/Data/unstained/AS-7231-22-Z17_patch_35840_35840_stained.tif,Dataset/Data/tes_stain/AS-7231-22-Z17_patch_35840_35840_unstained.tif
AS-5198-23-Z35_20480_26624,Dataset/Data/stained/AS-5198-23-Z35_patch_20480_26624_stained.tif,Dataset/Data/tes_unstain/AS-5198-23-Z35_patch_20480_26624_unstained.tif
AS-5198-23-Z35_15360_33792,Dataset/Data/stained/AS-5198-23-Z35_patch_15360_33792_stained.tif,Dataset/Data/tes_unstain/AS-5198-23-Z35_patch_15360_33792_unstained.tif
AS-5198-23-Z36_28672_55296,Dataset/Data/stained/AS-5198-23-Z36_patch_28672_55296_stained.tif,Dataset/Data/tes_unstain/AS-5198-23-Z36_patch_28672_55296_unstained.tif
AS-7231-22-Z17_29696_41984,Dataset/Data/unstained/AS-7231-22-Z17_patch_29696_41984_stained.tif,Dataset/Data/tes_stain/AS-7231-22-Z17_patch_29696_41984_unstained.tif
AS-5198-23-Z35_17408_38912,Dataset/Data/stained/AS-5198-23-Z35_patch_17408_38912_stained.tif,Dataset/Data/tes_unstain/AS-5198-23-Z35_patch_17408_38912_unstained.tif
AS-5198-23-Z35_17408_37888,Dataset/Data/stained/AS-5198-23-Z35_patch_17408_37888_stained.tif,Dataset/Data/tes_unstain/AS-5198-23-Z35_patch_17408_37888_unstained.tif
AS-5198-23-Z35_27648_37888,Dataset/Data/stained/AS-5198-23-Z35_patch_27648_37888_stained.tif,Dataset/Data/tes_unstain/AS-5198-23-Z35_patch_27648_37888_unstained.tif
AS-5198-23-Z35_22528_46080,Dataset/Data/stained/AS-5198-23-Z35_patch_22528_46080_stained.tif,Dataset/Data/tes_unstain/AS-5198-23-Z35_patch_22528_46080_unstained.tif
AS-7231-22-Z17_45056_69632,Dataset/Data/unstained/AS-7231-22-Z17_patch_45056_69632_stained.tif,Dataset/Data/tes_stain/AS-7231-22-Z17_patch_45056_69632_unstained.tif
AS-7231-22-Z17_37888_62464,Dataset/Data/unstained/AS-7231-22-Z17_patch_37888_62464_stained.tif,Dataset/Data/tes_stain/AS-7231-22-Z17_patch_37888_62464_unstained.tif
AS-7231-22-Z17_30720_70656,Dataset/Data/unstained/AS-7231-22-Z17_patch_30720_70656_stained.tif,Dataset/Data/tes_stain/AS-7231-22-Z17_patch_30720_70656_unstained.tif
AS-7231-22-Z17_35840_27648,Dataset/Data/unstained/AS-7231-22-Z17_patch_35840_27648_stained.tif,Dataset/Data/tes_stain/AS-7231-22-Z17_patch_35840_27648_unstained.tif
AS-5198-23-Z35_20480_32768,Dataset/Data/stained/AS-5198-23-Z35_patch_20480_32768_stained.tif,Dataset/Data/tes_unstain/AS-5198-23-Z35_patch_20480_32768_unstained.tif
AS-5198-23-Z36_29696_44032,Dataset/Data/stained/AS-5198-23-Z36_patch_29696_44032_stained.tif,Dataset/Data/tes_unstain/AS-5198-23-Z36_patch_29696_44032_unstained.tif
AS-5198-23-Z35_23552_22528,Dataset/Data/stained/AS-5198-23-Z35_patch_23552_22528_stained.tif,Dataset/Data/tes_unstain/AS-5198-23-Z35_patch_23552_22528_unstained.tif
AS-5198-23-Z36_29696_62464,Dataset/Data/stained/AS-5198-23-Z36_patch_29696_62464_stained.tif,Dataset/Data/tes_unstain/AS-5198-23-Z36_patch_29696_62464_unstained.tif
AS-5198-23-Z36_29696_33792,Dataset/Data/stained/AS-5198-23-Z36_patch_29696_33792_stained.tif,Dataset/Data/tes_unstain/AS-5198-23-Z36_patch_29696_33792_unstained.tif
AS-7231-22-Z17_32768_56320,Dataset/Data/unstained/AS-7231-22-Z17_patch_32768_56320_stained.tif,Dataset/Data/tes_stain/AS-7231-22-Z17_patch_32768_56320_unstained.tif
AS-7231-22-Z17_38912_46080,Dataset/Data/unstained/AS-7231-22-Z17_patch_38912_46080_stained.tif,Dataset/Data/tes_stain/AS-7231-22-Z17_patch_38912_46080_unstained.tif
AS-7231-22-Z17_36864_33792,Dataset/Data/unstained/AS-7231-22-Z17_patch_36864_33792_stained.tif,Dataset/Data/tes_stain/AS-7231-22-Z17_patch_36864_33792_unstained.tif
AS-5198-23-Z35_23552_21504,Dataset/Data/stained/AS-5198-23-Z35_patch_23552_21504_stained.tif,Dataset/Data/tes_unstain/AS-5198-23-Z35_patch_23552_21504_unstained.tif
AS-5198-23-Z36_28672_54272,Dataset/Data/stained/AS-5198-23-Z36_patch_28672_54272_stained.tif,Dataset/Data/tes_unstain/AS-5198-23-Z36_patch_28672_54272_unstained.tif
AS-7231-22-Z17_34816_60416,Dataset/Data/unstained/AS-7231-22-Z17_patch_34816_60416_stained.tif,Dataset/Data/tes_stain/AS-7231-22-Z17_patch_34816_60416_unstained.tif
AS-7231-22-Z17_36864_9216,Dataset/Data/unstained/AS-7231-22-Z17_patch_36864_9216_stained.tif,Dataset/Data/tes_stain/AS-7231-22-Z17_patch_36864_9216_unstained.tif
AS-7231-22-Z17_41984_71680,Dataset/Data/unstained/AS-7231-22-Z17_patch_41984_71680_stained.tif,Dataset/Data/tes_stain/AS-7231-22-Z17_patch_41984_71680_unstained.tif
AS-7231-22-Z17_33792_60416,Dataset/Data/unstained/AS-7231-22-Z17_patch_33792_60416_stained.tif,Dataset/Data/tes_stain/AS-7231-22-Z17_patch_33792_60416_unstained.tif
AS-5198-23-Z36_28672_39936,Dataset/Data/stained/AS-5198-23-Z36_patch_28672_39936_stained.tif,Dataset/Data/tes_unstain/AS-5198-23-Z36_patch_28672_39936_unstained.tif
AS-7231-22-Z17_41984_67584,Dataset/Data/unstained/AS-7231-22-Z17_patch_41984_67584_stained.tif,Dataset/Data/tes_stain/AS-7231-22-Z17_patch_41984_67584_unstained.tif
AS-7231-22-Z17_32768_40960,Dataset/Data/unstained/AS-7231-22-Z17_patch_32768_40960_stained.tif,Dataset/Data/tes_stain/AS-7231-22-Z17_patch_32768_40960_unstained.tif
AS-5198-23-Z35_25600_35840,Dataset/Data/stained/AS-5198-23-Z35_patch_25600_35840_stained.tif,Dataset/Data/tes_unstain/AS-5198-23-Z35_patch_25600_35840_unstained.tif
AS-7231-22-Z17_29696_47104,Dataset/Data/unstained/AS-7231-22-Z17_patch_29696_47104_stained.tif,Dataset/Data/tes_stain/AS-7231-22-Z17_patch_29696_47104_unstained.tif
AS-5198-23-Z35_27648_44032,Dataset/Data/stained/AS-5198-23-Z35_patch_27648_44032_stained.tif,Dataset/Data/tes_unstain/AS-5198-23-Z35_patch_27648_44032_unstained.tif
AS-7231-22-Z17_35840_32768,Dataset/Data/unstained/AS-7231-22-Z17_patch_35840_32768_stained.tif,Dataset/Data/tes_stain/AS-7231-22-Z17_patch_35840_32768_unstained.tif
AS-5198-23-Z35_16384_25600,Dataset/Data/stained/AS-5198-23-Z35_patch_16384_25600_stained.tif,Dataset/Data/tes_unstain/AS-5198-23-Z35_patch_16384_25600_unstained.tif
AS-5198-23-Z35_15360_25600,Dataset/Data/stained/AS-5198-23-Z35_patch_15360_25600_stained.tif,Dataset/Data/tes_unstain/AS-5198-23-Z35_patch_15360_25600_unstained.tif
AS-7231-22-Z17_41984_61440,Dataset/Data/unstained/AS-7231-22-Z17_patch_41984_61440_stained.tif,Dataset/Data/tes_stain/AS-7231-22-Z17_patch_41984_61440_unstained.tif
AS-5198-23-Z35_27648_32768,Dataset/Data/stained/AS-5198-23-Z35_patch_27648_32768_stained.tif,Dataset/Data/tes_unstain/AS-5198-23-Z35_patch_27648_32768_unstained.tif
AS-7231-22-Z17_32768_63488,Dataset/Data/unstained/AS-7231-22-Z17_patch_32768_63488_stained.tif,Dataset/Data/tes_stain/AS-7231-22-Z17_patch_32768_63488_unstained.tif
AS-5198-23-Z35_25600_34816,Dataset/Data/stained/AS-5198-23-Z35_patch_25600_34816_stained.tif,Dataset/Data/tes_unstain/AS-5198-23-Z35_patch_25600_34816_unstained.tif
AS-7231-22-Z17_29696_54272,Dataset/Data/unstained/AS-7231-22-Z17_patch_29696_54272_stained.tif,Dataset/Data/tes_stain/AS-7231-22-Z17_patch_29696_54272_unstained.tif
AS-7231-22-Z17_35840_29696,Dataset/Data/unstained/AS-7231-22-Z17_patch_35840_29696_stained.tif,Dataset/Data/tes_stain/AS-7231-22-Z17_patch_35840_29696_unstained.tif
AS-5198-23-Z35_24576_34816,Dataset/Data/stained/AS-5198-23-Z35_patch_24576_34816_stained.tif,Dataset/Data/tes_unstain/AS-5198-23-Z35_patch_24576_34816_unstained.tif
AS-5198-23-Z35_23552_23552,Dataset/Data/stained/AS-5198-23-Z35_patch_23552_23552_stained.tif,Dataset/Data/tes_unstain/AS-5198-23-Z35_patch_23552_23552_unstained.tif
AS-7231-22-Z17_44032_67584,Dataset/Data/unstained/AS-7231-22-Z17_patch_44032_67584_stained.tif,Dataset/Data/tes_stain/AS-7231-22-Z17_patch_44032_67584_unstained.tif
AS-5198-23-Z35_16384_32768,Dataset/Data/stained/AS-5198-23-Z35_patch_16384_32768_stained.tif,Dataset/Data/tes_unstain/AS-5198-23-Z35_patch_16384_32768_unstained.tif
AS-5198-23-Z36_27648_37888,Dataset/Data/stained/AS-5198-23-Z36_patch_27648_37888_stained.tif,Dataset/Data/tes_unstain/AS-5198-23-Z36_patch_27648_37888_unstained.tif
AS-7231-22-Z17_33792_43008,Dataset/Data/unstained/AS-7231-22-Z17_patch_33792_43008_stained.tif,Dataset/Data/tes_stain/AS-7231-22-Z17_patch_33792_43008_unstained.tif
AS-7231-22-Z17_37888_47104,Dataset/Data/unstained/AS-7231-22-Z17_patch_37888_47104_stained.tif,Dataset/Data/tes_stain/AS-7231-22-Z17_patch_37888_47104_unstained.tif
AS-5198-23-Z36_26624_28672,Dataset/Data/stained/AS-5198-23-Z36_patch_26624_28672_stained.tif,Dataset/Data/tes_unstain/AS-5198-23-Z36_patch_26624_28672_unstained.tif
AS-5198-23-Z36_29696_49152,Dataset/Data/stained/AS-5198-23-Z36_patch_29696_49152_stained.tif,Dataset/Data/tes_unstain/AS-5198-23-Z36_patch_29696_49152_unstained.tif
AS-7231-22-Z17_29696_60416,Dataset/Data/unstained/AS-7231-22-Z17_patch_29696_60416_stained.tif,Dataset/Data/tes_stain/AS-7231-22-Z17_patch_29696_60416_unstained.tif
AS-7231-22-Z17_36864_55296,Dataset/Data/unstained/AS-7231-22-Z17_patch_36864_55296_stained.tif,Dataset/Data/tes_stain/AS-7231-22-Z17_patch_36864_55296_unstained.tif
AS-5198-23-Z35_23552_48128,Dataset/Data/stained/AS-5198-23-Z35_patch_23552_48128_stained.tif,Dataset/Data/tes_unstain/AS-5198-23-Z35_patch_23552_48128_unstained.tif
AS-7231-22-Z17_31744_69632,Dataset/Data/unstained/AS-7231-22-Z17_patch_31744_69632_stained.tif,Dataset/Data/tes_stain/AS-7231-22-Z17_patch_31744_69632_unstained.tif
AS-5198-23-Z35_20480_25600,Dataset/Data/stained/AS-5198-23-Z35_patch_20480_25600_stained.tif,Dataset/Data/tes_unstain/AS-5198-23-Z35_patch_20480_25600_unstained.tif
AS-7231-22-Z17_36864_16384,Dataset/Data/unstained/AS-7231-22-Z17_patch_36864_16384_stained.tif,Dataset/Data/tes_stain/AS-7231-22-Z17_patch_36864_16384_unstained.tif
AS-5198-23-Z35_19456_24576,Dataset/Data/stained/AS-5198-23-Z35_patch_19456_24576_stained.tif,Dataset/Data/tes_unstain/AS-5198-23-Z35_patch_19456_24576_unstained.tif
AS-7231-22-Z17_31744_61440,Dataset/Data/unstained/AS-7231-22-Z17_patch_31744_61440_stained.tif,Dataset/Data/tes_stain/AS-7231-22-Z17_patch_31744_61440_unstained.tif
AS-5198-23-Z35_26624_24576,Dataset/Data/stained/AS-5198-23-Z35_patch_26624_24576_stained.tif,Dataset/Data/tes_unstain/AS-5198-23-Z35_patch_26624_24576_unstained.tif
AS-7231-22-Z17_36864_25600,Dataset/Data/unstained/AS-7231-22-Z17_patch_36864_25600_stained.tif,Dataset/Data/tes_stain/AS-7231-22-Z17_patch_36864_25600_unstained.tif
AS-5198-23-Z36_29696_52224,Dataset/Data/stained/AS-5198-23-Z36_patch_29696_52224_stained.tif,Dataset/Data/tes_unstain/AS-5198-23-Z36_patch_29696_52224_unstained.tif
AS-5198-23-Z35_22528_31744,Dataset/Data/stained/AS-5198-23-Z35_patch_22528_31744_stained.tif,Dataset/Data/tes_unstain/AS-5198-23-Z35_patch_22528_31744_unstained.tif
AS-5198-23-Z35_19456_31744,Dataset/Data/stained/AS-5198-23-Z35_patch_19456_31744_stained.tif,Dataset/Data/tes_unstain/AS-5198-23-Z35_patch_19456_31744_unstained.tif
AS-7231-22-Z17_37888_8192,Dataset/Data/unstained/AS-7231-22-Z17_patch_37888_8192_stained.tif,Dataset/Data/tes_stain/AS-7231-22-Z17_patch_37888_8192_unstained.tif
AS-5198-23-Z36_29696_64512,Dataset/Data/stained/AS-5198-23-Z36_patch_29696_64512_stained.tif,Dataset/Data/tes_unstain/AS-5198-23-Z36_patch_29696_64512_unstained.tif
AS-5198-23-Z35_23552_32768,Dataset/Data/stained/AS-5198-23-Z35_patch_23552_32768_stained.tif,Dataset/Data/tes_unstain/AS-5198-23-Z35_patch_23552_32768_unstained.tif
AS-5198-23-Z35_26624_10240,Dataset/Data/stained/AS-5198-23-Z35_patch_26624_10240_stained.tif,Dataset/Data/tes_unstain/AS-5198-23-Z35_patch_26624_10240_unstained.tif
AS-5198-23-Z35_24576_49152,Dataset/Data/stained/AS-5198-23-Z35_patch_24576_49152_stained.tif,Dataset/Data/tes_unstain/AS-5198-23-Z35_patch_24576_49152_unstained.tif
AS-5198-23-Z36_30720_59392,Dataset/Data/stained/AS-5198-23-Z36_patch_30720_59392_stained.tif,Dataset/Data/tes_unstain/AS-5198-23-Z36_patch_30720_59392_unstained.tif
AS-5198-23-Z35_21504_19456,Dataset/Data/stained/AS-5198-23-Z35_patch_21504_19456_stained.tif,Dataset/Data/tes_unstain/AS-5198-23-Z35_patch_21504_19456_unstained.tif
AS-7231-22-Z17_39936_62464,Dataset/Data/unstained/AS-7231-22-Z17_patch_39936_62464_stained.tif,Dataset/Data/tes_stain/AS-7231-22-Z17_patch_39936_62464_unstained.tif
AS-7231-22-Z17_28672_58368,Dataset/Data/unstained/AS-7231-22-Z17_patch_28672_58368_stained.tif,Dataset/Data/tes_stain/AS-7231-22-Z17_patch_28672_58368_unstained.tif
AS-7231-22-Z17_35840_19456,Dataset/Data/unstained/AS-7231-22-Z17_patch_35840_19456_stained.tif,Dataset/Data/tes_stain/AS-7231-22-Z17_patch_35840_19456_unstained.tif
AS-7231-22-Z17_30720_64512,Dataset/Data/unstained/AS-7231-22-Z17_patch_30720_64512_stained.tif,Dataset/Data/tes_stain/AS-7231-22-Z17_patch_30720_64512_unstained.tif
AS-5198-23-Z35_21504_31744,Dataset/Data/stained/AS-5198-23-Z35_patch_21504_31744_stained.tif,Dataset/Data/tes_unstain/AS-5198-23-Z35_patch_21504_31744_unstained.tif
AS-5198-23-Z35_21504_18432,Dataset/Data/stained/AS-5198-23-Z35_patch_21504_18432_stained.tif,Dataset/Data/tes_unstain/AS-5198-23-Z35_patch_21504_18432_unstained.tif
AS-5198-23-Z36_30720_45056,Dataset/Data/stained/AS-5198-23-Z36_patch_30720_45056_stained.tif,Dataset/Data/tes_unstain/AS-5198-23-Z36_patch_30720_45056_unstained.tif
AS-7231-22-Z17_33792_72704,Dataset/Data/unstained/AS-7231-22-Z17_patch_33792_72704_stained.tif,Dataset/Data/tes_stain/AS-7231-22-Z17_patch_33792_72704_unstained.tif
AS-5198-23-Z35_18432_35840,Dataset/Data/stained/AS-5198-23-Z35_patch_18432_35840_stained.tif,Dataset/Data/tes_unstain/AS-5198-23-Z35_patch_18432_35840_unstained.tif
AS-7231-22-Z17_33792_50176,Dataset/Data/unstained/AS-7231-22-Z17_patch_33792_50176_stained.tif,Dataset/Data/tes_stain/AS-7231-22-Z17_patch_33792_50176_unstained.tif
AS-7231-22-Z17_39936_57344,Dataset/Data/unstained/AS-7231-22-Z17_patch_39936_57344_stained.tif,Dataset/Data/tes_stain/AS-7231-22-Z17_patch_39936_57344_unstained.tif
AS-5198-23-Z36_28672_25600,Dataset/Data/stained/AS-5198-23-Z36_patch_28672_25600_stained.tif,Dataset/Data/tes_unstain/AS-5198-23-Z36_patch_28672_25600_unstained.tif
AS-5198-23-Z35_25600_47104,Dataset/Data/stained/AS-5198-23-Z35_patch_25600_47104_stained.tif,Dataset/Data/tes_unstain/AS-5198-23-Z35_patch_25600_47104_unstained.tif
AS-5198-23-Z35_18432_24576,Dataset/Data/stained/AS-5198-23-Z35_patch_18432_24576_stained.tif,Dataset/Data/tes_unstain/AS-5198-23-Z35_patch_18432_24576_unstained.tif
AS-5198-23-Z36_27648_30720,Dataset/Data/stained/AS-5198-23-Z36_patch_27648_30720_stained.tif,Dataset/Data/tes_unstain/AS-5198-23-Z36_patch_27648_30720_unstained.tif
AS-5198-23-Z35_23552_39936,Dataset/Data/stained/AS-5198-23-Z35_patch_23552_39936_stained.tif,Dataset/Data/tes_unstain/AS-5198-23-Z35_patch_23552_39936_unstained.tif
AS-7231-22-Z17_46080_71680,Dataset/Data/unstained/AS-7231-22-Z17_patch_46080_71680_stained.tif,Dataset/Data/tes_stain/AS-7231-22-Z17_patch_46080_71680_unstained.tif
AS-7231-22-Z17_36864_56320,Dataset/Data/unstained/AS-7231-22-Z17_patch_36864_56320_stained.tif,Dataset/Data/tes_stain/AS-7231-22-Z17_patch_36864_56320_unstained.tif
AS-7231-22-Z17_34816_63488,Dataset/Data/unstained/AS-7231-22-Z17_patch_34816_63488_stained.tif,Dataset/Data/tes_stain/AS-7231-22-Z17_patch_34816_63488_unstained.tif
AS-5198-23-Z35_25600_41984,Dataset/Data/stained/AS-5198-23-Z35_patch_25600_41984_stained.tif,Dataset/Data/tes_unstain/AS-5198-23-Z35_patch_25600_41984_unstained.tif
AS-5198-23-Z36_29696_61440,Dataset/Data/stained/AS-5198-23-Z36_patch_29696_61440_stained.tif,Dataset/Data/tes_unstain/AS-5198-23-Z36_patch_29696_61440_unstained.tif
AS-7231-22-Z17_33792_51200,Dataset/Data/unstained/AS-7231-22-Z17_patch_33792_51200_stained.tif,Dataset/Data/tes_stain/AS-7231-22-Z17_patch_33792_51200_unstained.tif
AS-5198-23-Z35_26624_45056,Dataset/Data/stained/AS-5198-23-Z35_patch_26624_45056_stained.tif,Dataset/Data/tes_unstain/AS-5198-23-Z35_patch_26624_45056_unstained.tif
AS-5198-23-Z36_26624_29696,Dataset/Data/stained/AS-5198-23-Z36_patch_26624_29696_stained.tif,Dataset/Data/tes_unstain/AS-5198-23-Z36_patch_26624_29696_unstained.tif
AS-7231-22-Z17_43008_62464,Dataset/Data/unstained/AS-7231-22-Z17_patch_43008_62464_stained.tif,Dataset/Data/tes_stain/AS-7231-22-Z17_patch_43008_62464_unstained.tif
AS-5198-23-Z35_22528_27648,Dataset/Data/stained/AS-5198-23-Z35_patch_22528_27648_stained.tif,Dataset/Data/tes_unstain/AS-5198-23-Z35_patch_22528_27648_unstained.tif
AS-5198-23-Z35_21504_29696,Dataset/Data/stained/AS-5198-23-Z35_patch_21504_29696_stained.tif,Dataset/Data/tes_unstain/AS-5198-23-Z35_patch_21504_29696_unstained.tif
AS-7231-22-Z17_35840_58368,Dataset/Data/unstained/AS-7231-22-Z17_patch_35840_58368_stained.tif,Dataset/Data/tes_stain/AS-7231-22-Z17_patch_35840_58368_unstained.tif
AS-5198-23-Z35_18432_28672,Dataset/Data/stained/AS-5198-23-Z35_patch_18432_28672_stained.tif,Dataset/Data/tes_unstain/AS-5198-23-Z35_patch_18432_28672_unstained.tif
AS-5198-23-Z36_27648_34816,Dataset/Data/stained/AS-5198-23-Z36_patch_27648_34816_stained.tif,Dataset/Data/tes_unstain/AS-5198-23-Z36_patch_27648_34816_unstained.tif
AS-7231-22-Z17_39936_72704,Dataset/Data/unstained/AS-7231-22-Z17_patch_39936_72704_stained.tif,Dataset/Data/tes_stain/AS-7231-22-Z17_patch_39936_72704_unstained.tif
AS-5198-23-Z35_22528_20480,Dataset/Data/stained/AS-5198-23-Z35_patch_22528_20480_stained.tif,Dataset/Data/tes_unstain/AS-5198-23-Z35_patch_22528_20480_unstained.tif
AS-5198-23-Z36_30720_41984,Dataset/Data/stained/AS-5198-23-Z36_patch_30720_41984_stained.tif,Dataset/Data/tes_unstain/AS-5198-23-Z36_patch_30720_41984_unstained.tif
AS-5198-23-Z36_28672_58368,Dataset/Data/stained/AS-5198-23-Z36_patch_28672_58368_stained.tif,Dataset/Data/tes_unstain/AS-5198-23-Z36_patch_28672_58368_unstained.tif
AS-7231-22-Z17_31744_64512,Dataset/Data/unstained/AS-7231-22-Z17_patch_31744_64512_stained.tif,Dataset/Data/tes_stain/AS-7231-22-Z17_patch_31744_64512_unstained.tif
AS-5198-23-Z35_27648_28672,Dataset/Data/stained/AS-5198-23-Z35_patch_27648_28672_stained.tif,Dataset/Data/tes_unstain/AS-5198-23-Z35_patch_27648_28672_unstained.tif
AS-5198-23-Z35_16384_29696,Dataset/Data/stained/AS-5198-23-Z35_patch_16384_29696_stained.tif,Dataset/Data/tes_unstain/AS-5198-23-Z35_patch_16384_29696_unstained.tif
AS-7231-22-Z17_36864_30720,Dataset/Data/unstained/AS-7231-22-Z17_patch_36864_30720_stained.tif,Dataset/Data/tes_stain/AS-7231-22-Z17_patch_36864_30720_unstained.tif
AS-7231-22-Z17_35840_62464,Dataset/Data/unstained/AS-7231-22-Z17_patch_35840_62464_stained.tif,Dataset/Data/tes_stain/AS-7231-22-Z17_patch_35840_62464_unstained.tif
AS-7231-22-Z17_36864_29696,Dataset/Data/unstained/AS-7231-22-Z17_patch_36864_29696_stained.tif,Dataset/Data/tes_stain/AS-7231-22-Z17_patch_36864_29696_unstained.tif
AS-5198-23-Z36_29696_24576,Dataset/Data/stained/AS-5198-23-Z36_patch_29696_24576_stained.tif,Dataset/Data/tes_unstain/AS-5198-23-Z36_patch_29696_24576_unstained.tif
AS-7231-22-Z17_29696_49152,Dataset/Data/unstained/AS-7231-22-Z17_patch_29696_49152_stained.tif,Dataset/Data/tes_stain/AS-7231-22-Z17_patch_29696_49152_unstained.tif
AS-7231-22-Z17_31744_59392,Dataset/Data/unstained/AS-7231-22-Z17_patch_31744_59392_stained.tif,Dataset/Data/tes_stain/AS-7231-22-Z17_patch_31744_59392_unstained.tif
AS-5198-23-Z35_17408_33792,Dataset/Data/stained/AS-5198-23-Z35_patch_17408_33792_stained.tif,Dataset/Data/tes_unstain/AS-5198-23-Z35_patch_17408_33792_unstained.tif
AS-5198-23-Z35_23552_19456,Dataset/Data/stained/AS-5198-23-Z35_patch_23552_19456_stained.tif,Dataset/Data/tes_unstain/AS-5198-23-Z35_patch_23552_19456_unstained.tif
AS-5198-23-Z35_25600_22528,Dataset/Data/stained/AS-5198-23-Z35_patch_25600_22528_stained.tif,Dataset/Data/tes_unstain/AS-5198-23-Z35_patch_25600_22528_unstained.tif
AS-7231-22-Z17_36864_50176,Dataset/Data/unstained/AS-7231-22-Z17_patch_36864_50176_stained.tif,Dataset/Data/tes_stain/AS-7231-22-Z17_patch_36864_50176_unstained.tif
AS-7231-22-Z17_35840_38912,Dataset/Data/unstained/AS-7231-22-Z17_patch_35840_38912_stained.tif,Dataset/Data/tes_stain/AS-7231-22-Z17_patch_35840_38912_unstained.tif
AS-7231-22-Z17_35840_25600,Dataset/Data/unstained/AS-7231-22-Z17_patch_35840_25600_stained.tif,Dataset/Data/tes_stain/AS-7231-22-Z17_patch_35840_25600_unstained.tif
AS-7231-22-Z17_37888_44032,Dataset/Data/unstained/AS-7231-22-Z17_patch_37888_44032_stained.tif,Dataset/Data/tes_stain/AS-7231-22-Z17_patch_37888_44032_unstained.tif
AS-5198-23-Z35_22528_32768,Dataset/Data/stained/AS-5198-23-Z35_patch_22528_32768_stained.tif,Dataset/Data/tes_unstain/AS-5198-23-Z35_patch_22528_32768_unstained.tif
AS-5198-23-Z35_26624_27648,Dataset/Data/stained/AS-5198-23-Z35_patch_26624_27648_stained.tif,Dataset/Data/tes_unstain/AS-5198-23-Z35_patch_26624_27648_unstained.tif
AS-7231-22-Z17_31744_40960,Dataset/Data/unstained/AS-7231-22-Z17_patch_31744_40960_stained.tif,Dataset/Data/tes_stain/AS-7231-22-Z17_patch_31744_40960_unstained.tif
AS-7231-22-Z17_30720_45056,Dataset/Data/unstained/AS-7231-22-Z17_patch_30720_45056_stained.tif,Dataset/Data/tes_stain/AS-7231-22-Z17_patch_30720_45056_unstained.tif
AS-7231-22-Z17_36864_61440,Dataset/Data/unstained/AS-7231-22-Z17_patch_36864_61440_stained.tif,Dataset/Data/tes_stain/AS-7231-22-Z17_patch_36864_61440_unstained.tif
AS-5198-23-Z35_16384_27648,Dataset/Data/stained/AS-5198-23-Z35_patch_16384_27648_stained.tif,Dataset/Data/tes_unstain/AS-5198-23-Z35_patch_16384_27648_unstained.tif
AS-5198-23-Z35_21504_38912,Dataset/Data/stained/AS-5198-23-Z35_patch_21504_38912_stained.tif,Dataset/Data/tes_unstain/AS-5198-23-Z35_patch_21504_38912_unstained.tif
AS-5198-23-Z35_27648_30720,Dataset/Data/stained/AS-5198-23-Z35_patch_27648_30720_stained.tif,Dataset/Data/tes_unstain/AS-5198-23-Z35_patch_27648_30720_unstained.tif
AS-5198-23-Z35_25600_33792,Dataset/Data/stained/AS-5198-23-Z35_patch_25600_33792_stained.tif,Dataset/Data/tes_unstain/AS-5198-23-Z35_patch_25600_33792_unstained.tif
AS-7231-22-Z17_32768_67584,Dataset/Data/unstained/AS-7231-22-Z17_patch_32768_67584_stained.tif,Dataset/Data/tes_stain/AS-7231-22-Z17_patch_32768_67584_unstained.tif
AS-7231-22-Z17_41984_75776,Dataset/Data/unstained/AS-7231-22-Z17_patch_41984_75776_stained.tif,Dataset/Data/tes_stain/AS-7231-22-Z17_patch_41984_75776_unstained.tif
AS-5198-23-Z35_23552_34816,Dataset/Data/stained/AS-5198-23-Z35_patch_23552_34816_stained.tif,Dataset/Data/tes_unstain/AS-5198-23-Z35_patch_23552_34816_unstained.tif
AS-5198-23-Z35_21504_17408,Dataset/Data/stained/AS-5198-23-Z35_patch_21504_17408_stained.tif,Dataset/Data/tes_unstain/AS-5198-23-Z35_patch_21504_17408_unstained.tif
AS-7231-22-Z17_35840_22528,Dataset/Data/unstained/AS-7231-22-Z17_patch_35840_22528_stained.tif,Dataset/Data/tes_stain/AS-7231-22-Z17_patch_35840_22528_unstained.tif
AS-5198-23-Z35_23552_24576,Dataset/Data/stained/AS-5198-23-Z35_patch_23552_24576_stained.tif,Dataset/Data/tes_unstain/AS-5198-23-Z35_patch_23552_24576_unstained.tif
AS-5198-23-Z35_26624_41984,Dataset/Data/stained/AS-5198-23-Z35_patch_26624_41984_stained.tif,Dataset/Data/tes_unstain/AS-5198-23-Z35_patch_26624_41984_unstained.tif
AS-7231-22-Z17_35840_30720,Dataset/Data/unstained/AS-7231-22-Z17_patch_35840_30720_stained.tif,Dataset/Data/tes_stain/AS-7231-22-Z17_patch_35840_30720_unstained.tif
AS-7231-22-Z17_34816_38912,Dataset/Data/unstained/AS-7231-22-Z17_patch_34816_38912_stained.tif,Dataset/Data/tes_stain/AS-7231-22-Z17_patch_34816_38912_unstained.tif
AS-7231-22-Z17_34816_50176,Dataset/Data/unstained/AS-7231-22-Z17_patch_34816_50176_stained.tif,Dataset/Data/tes_stain/AS-7231-22-Z17_patch_34816_50176_unstained.tif
AS-7231-22-Z17_33792_64512,Dataset/Data/unstained/AS-7231-22-Z17_patch_33792_64512_stained.tif,Dataset/Data/tes_stain/AS-7231-22-Z17_patch_33792_64512_unstained.tif
AS-7231-22-Z17_32768_71680,Dataset/Data/unstained/AS-7231-22-Z17_patch_32768_71680_stained.tif,Dataset/Data/tes_stain/AS-7231-22-Z17_patch_32768_71680_unstained.tif
AS-7231-22-Z17_28672_63488,Dataset/Data/unstained/AS-7231-22-Z17_patch_28672_63488_stained.tif,Dataset/Data/tes_stain/AS-7231-22-Z17_patch_28672_63488_unstained.tif
AS-7231-22-Z17_44032_68608,Dataset/Data/unstained/AS-7231-22-Z17_patch_44032_68608_stained.tif,Dataset/Data/tes_stain/AS-7231-22-Z17_patch_44032_68608_unstained.tif
AS-5198-23-Z35_18432_23552,Dataset/Data/stained/AS-5198-23-Z35_patch_18432_23552_stained.tif,Dataset/Data/tes_unstain/AS-5198-23-Z35_patch_18432_23552_unstained.tif
AS-7231-22-Z17_38912_73728,Dataset/Data/unstained/AS-7231-22-Z17_patch_38912_73728_stained.tif,Dataset/Data/tes_stain/AS-7231-22-Z17_patch_38912_73728_unstained.tif
AS-5198-23-Z35_22528_35840,Dataset/Data/stained/AS-5198-23-Z35_patch_22528_35840_stained.tif,Dataset/Data/tes_unstain/AS-5198-23-Z35_patch_22528_35840_unstained.tif
AS-7231-22-Z17_34816_71680,Dataset/Data/unstained/AS-7231-22-Z17_patch_34816_71680_stained.tif,Dataset/Data/tes_stain/AS-7231-22-Z17_patch_34816_71680_unstained.tif
AS-5198-23-Z35_23552_13312,Dataset/Data/stained/AS-5198-23-Z35_patch_23552_13312_stained.tif,Dataset/Data/tes_unstain/AS-5198-23-Z35_patch_23552_13312_unstained.tif
AS-5198-23-Z35_16384_26624,Dataset/Data/stained/AS-5198-23-Z35_patch_16384_26624_stained.tif,Dataset/Data/tes_unstain/AS-5198-23-Z35_patch_16384_26624_unstained.tif
AS-7231-22-Z17_28672_57344,Dataset/Data/unstained/AS-7231-22-Z17_patch_28672_57344_stained.tif,Dataset/Data/tes_stain/AS-7231-22-Z17_patch_28672_57344_unstained.tif
AS-5198-23-Z35_18432_26624,Dataset/Data/stained/AS-5198-23-Z35_patch_18432_26624_stained.tif,Dataset/Data/tes_unstain/AS-5198-23-Z35_patch_18432_26624_unstained.tif
AS-7231-22-Z17_43008_67584,Dataset/Data/unstained/AS-7231-22-Z17_patch_43008_67584_stained.tif,Dataset/Data/tes_stain/AS-7231-22-Z17_patch_43008_67584_unstained.tif
AS-7231-22-Z17_36864_62464,Dataset/Data/unstained/AS-7231-22-Z17_patch_36864_62464_stained.tif,Dataset/Data/tes_stain/AS-7231-22-Z17_patch_36864_62464_unstained.tif
AS-7231-22-Z17_28672_61440,Dataset/Data/unstained/AS-7231-22-Z17_patch_28672_61440_stained.tif,Dataset/Data/tes_stain/AS-7231-22-Z17_patch_28672_61440_unstained.tif
AS-7231-22-Z17_36864_24576,Dataset/Data/unstained/AS-7231-22-Z17_patch_36864_24576_stained.tif,Dataset/Data/tes_stain/AS-7231-22-Z17_patch_36864_24576_unstained.tif
AS-5198-23-Z36_30720_52224,Dataset/Data/stained/AS-5198-23-Z36_patch_30720_52224_stained.tif,Dataset/Data/tes_unstain/AS-5198-23-Z36_patch_30720_52224_unstained.tif
AS-5198-23-Z35_26624_23552,Dataset/Data/stained/AS-5198-23-Z35_patch_26624_23552_stained.tif,Dataset/Data/tes_unstain/AS-5198-23-Z35_patch_26624_23552_unstained.tif
AS-7231-22-Z17_34816_45056,Dataset/Data/unstained/AS-7231-22-Z17_patch_34816_45056_stained.tif,Dataset/Data/tes_stain/AS-7231-22-Z17_patch_34816_45056_unstained.tif
AS-7231-22-Z17_32768_64512,Dataset/Data/unstained/AS-7231-22-Z17_patch_32768_64512_stained.tif,Dataset/Data/tes_stain/AS-7231-22-Z17_patch_32768_64512_unstained.tif
AS-5198-23-Z35_24576_37888,Dataset/Data/stained/AS-5198-23-Z35_patch_24576_37888_stained.tif,Dataset/Data/tes_unstain/AS-5198-23-Z35_patch_24576_37888_unstained.tif
AS-5198-23-Z35_16384_36864,Dataset/Data/stained/AS-5198-23-Z35_patch_16384_36864_stained.tif,Dataset/Data/tes_unstain/AS-5198-23-Z35_patch_16384_36864_unstained.tif
AS-7231-22-Z17_35840_54272,Dataset/Data/unstained/AS-7231-22-Z17_patch_35840_54272_stained.tif,Dataset/Data/tes_stain/AS-7231-22-Z17_patch_35840_54272_unstained.tif
AS-5198-23-Z36_29696_55296,Dataset/Data/stained/AS-5198-23-Z36_patch_29696_55296_stained.tif,Dataset/Data/tes_unstain/AS-5198-23-Z36_patch_29696_55296_unstained.tif
AS-7231-22-Z17_41984_62464,Dataset/Data/unstained/AS-7231-22-Z17_patch_41984_62464_stained.tif,Dataset/Data/tes_stain/AS-7231-22-Z17_patch_41984_62464_unstained.tif
AS-5198-23-Z36_27648_55296,Dataset/Data/stained/AS-5198-23-Z36_patch_27648_55296_stained.tif,Dataset/Data/tes_unstain/AS-5198-23-Z36_patch_27648_55296_unstained.tif
AS-5198-23-Z35_24576_41984,Dataset/Data/stained/AS-5198-23-Z35_patch_24576_41984_stained.tif,Dataset/Data/tes_unstain/AS-5198-23-Z35_patch_24576_41984_unstained.tif
AS-5198-23-Z35_17408_32768,Dataset/Data/stained/AS-5198-23-Z35_patch_17408_32768_stained.tif,Dataset/Data/tes_unstain/AS-5198-23-Z35_patch_17408_32768_unstained.tif
AS-7231-22-Z17_43008_61440,Dataset/Data/unstained/AS-7231-22-Z17_patch_43008_61440_stained.tif,Dataset/Data/tes_stain/AS-7231-22-Z17_patch_43008_61440_unstained.tif
AS-5198-23-Z36_28672_30720,Dataset/Data/stained/AS-5198-23-Z36_patch_28672_30720_stained.tif,Dataset/Data/tes_unstain/AS-5198-23-Z36_patch_28672_30720_unstained.tif
AS-5198-23-Z36_30720_40960,Dataset/Data/stained/AS-5198-23-Z36_patch_30720_40960_stained.tif,Dataset/Data/tes_unstain/AS-5198-23-Z36_patch_30720_40960_unstained.tif
AS-7231-22-Z17_43008_63488,Dataset/Data/unstained/AS-7231-22-Z17_patch_43008_63488_stained.tif,Dataset/Data/tes_stain/AS-7231-22-Z17_patch_43008_63488_unstained.tif
AS-7231-22-Z17_37888_35840,Dataset/Data/unstained/AS-7231-22-Z17_patch_37888_35840_stained.tif,Dataset/Data/tes_stain/AS-7231-22-Z17_patch_37888_35840_unstained.tif
AS-7231-22-Z17_41984_66560,Dataset/Data/unstained/AS-7231-22-Z17_patch_41984_66560_stained.tif,Dataset/Data/tes_stain/AS-7231-22-Z17_patch_41984_66560_unstained.tif
AS-7231-22-Z17_34816_52224,Dataset/Data/unstained/AS-7231-22-Z17_patch_34816_52224_stained.tif,Dataset/Data/tes_stain/AS-7231-22-Z17_patch_34816_52224_unstained.tif
AS-5198-23-Z35_23552_38912,Dataset/Data/stained/AS-5198-23-Z35_patch_23552_38912_stained.tif,Dataset/Data/tes_unstain/AS-5198-23-Z35_patch_23552_38912_unstained.tif
AS-7231-22-Z17_37888_39936,Dataset/Data/unstained/AS-7231-22-Z17_patch_37888_39936_stained.tif,Dataset/Data/tes_stain/AS-7231-22-Z17_patch_37888_39936_unstained.tif
AS-7231-22-Z17_37888_50176,Dataset/Data/unstained/AS-7231-22-Z17_patch_37888_50176_stained.tif,Dataset/Data/tes_stain/AS-7231-22-Z17_patch_37888_50176_unstained.tif
AS-7231-22-Z17_28672_49152,Dataset/Data/unstained/AS-7231-22-Z17_patch_28672_49152_stained.tif,Dataset/Data/tes_stain/AS-7231-22-Z17_patch_28672_49152_unstained.tif
AS-7231-22-Z17_43008_65536,Dataset/Data/unstained/AS-7231-22-Z17_patch_43008_65536_stained.tif,Dataset/Data/tes_stain/AS-7231-22-Z17_patch_43008_65536_unstained.tif
AS-7231-22-Z17_36864_52224,Dataset/Data/unstained/AS-7231-22-Z17_patch_36864_52224_stained.tif,Dataset/Data/tes_stain/AS-7231-22-Z17_patch_36864_52224_unstained.tif
AS-7231-22-Z17_30720_55296,Dataset/Data/unstained/AS-7231-22-Z17_patch_30720_55296_stained.tif,Dataset/Data/tes_stain/AS-7231-22-Z17_patch_30720_55296_unstained.tif
AS-7231-22-Z17_43008_64512,Dataset/Data/unstained/AS-7231-22-Z17_patch_43008_64512_stained.tif,Dataset/Data/tes_stain/AS-7231-22-Z17_patch_43008_64512_unstained.tif
AS-5198-23-Z35_22528_40960,Dataset/Data/stained/AS-5198-23-Z35_patch_22528_40960_stained.tif,Dataset/Data/tes_unstain/AS-5198-23-Z35_patch_22528_40960_unstained.tif
AS-7231-22-Z17_34816_28672,Dataset/Data/unstained/AS-7231-22-Z17_patch_34816_28672_stained.tif,Dataset/Data/tes_stain/AS-7231-22-Z17_patch_34816_28672_unstained.tif
AS-5198-23-Z35_22528_30720,Dataset/Data/stained/AS-5198-23-Z35_patch_22528_30720_stained.tif,Dataset/Data/tes_unstain/AS-5198-23-Z35_patch_22528_30720_unstained.tif
AS-7231-22-Z17_36864_53248,Dataset/Data/unstained/AS-7231-22-Z17_patch_36864_53248_stained.tif,Dataset/Data/tes_stain/AS-7231-22-Z17_patch_36864_53248_unstained.tif
AS-7231-22-Z17_34816_26624,Dataset/Data/unstained/AS-7231-22-Z17_patch_34816_26624_stained.tif,Dataset/Data/tes_stain/AS-7231-22-Z17_patch_34816_26624_unstained.tif
AS-7231-22-Z17_35840_26624,Dataset/Data/unstained/AS-7231-22-Z17_patch_35840_26624_stained.tif,Dataset/Data/tes_stain/AS-7231-22-Z17_patch_35840_26624_unstained.tif
AS-5198-23-Z35_20480_44032,Dataset/Data/stained/AS-5198-23-Z35_patch_20480_44032_stained.tif,Dataset/Data/tes_unstain/AS-5198-23-Z35_patch_20480_44032_unstained.tif
AS-5198-23-Z35_24576_38912,Dataset/Data/stained/AS-5198-23-Z35_patch_24576_38912_stained.tif,Dataset/Data/tes_unstain/AS-5198-23-Z35_patch_24576_38912_unstained.tif
AS-7231-22-Z17_34816_62464,Dataset/Data/unstained/AS-7231-22-Z17_patch_34816_62464_stained.tif,Dataset/Data/tes_stain/AS-7231-22-Z17_patch_34816_62464_unstained.tif
AS-5198-23-Z35_20480_35840,Dataset/Data/stained/AS-5198-23-Z35_patch_20480_35840_stained.tif,Dataset/Data/tes_unstain/AS-5198-23-Z35_patch_20480_35840_unstained.tif
AS-5198-23-Z36_29696_38912,Dataset/Data/stained/AS-5198-23-Z36_patch_29696_38912_stained.tif,Dataset/Data/tes_unstain/AS-5198-23-Z36_patch_29696_38912_unstained.tif
AS-5198-23-Z36_29696_36864,Dataset/Data/stained/AS-5198-23-Z36_patch_29696_36864_stained.tif,Dataset/Data/tes_unstain/AS-5198-23-Z36_patch_29696_36864_unstained.tif
AS-7231-22-Z17_35840_21504,Dataset/Data/unstained/AS-7231-22-Z17_patch_35840_21504_stained.tif,Dataset/Data/tes_stain/AS-7231-22-Z17_patch_35840_21504_unstained.tif
AS-7231-22-Z17_30720_62464,Dataset/Data/unstained/AS-7231-22-Z17_patch_30720_62464_stained.tif,Dataset/Data/tes_stain/AS-7231-22-Z17_patch_30720_62464_unstained.tif
AS-7231-22-Z17_39936_67584,Dataset/Data/unstained/AS-7231-22-Z17_patch_39936_67584_stained.tif,Dataset/Data/tes_stain/AS-7231-22-Z17_patch_39936_67584_unstained.tif
AS-5198-23-Z35_21504_24576,Dataset/Data/stained/AS-5198-23-Z35_patch_21504_24576_stained.tif,Dataset/Data/tes_unstain/AS-5198-23-Z35_patch_21504_24576_unstained.tif
AS-5198-23-Z35_18432_31744,Dataset/Data/stained/AS-5198-23-Z35_patch_18432_31744_stained.tif,Dataset/Data/tes_unstain/AS-5198-23-Z35_patch_18432_31744_unstained.tif
AS-5198-23-Z35_22528_29696,Dataset/Data/stained/AS-5198-23-Z35_patch_22528_29696_stained.tif,Dataset/Data/tes_unstain/AS-5198-23-Z35_patch_22528_29696_unstained.tif
AS-5198-23-Z36_28672_62464,Dataset/Data/stained/AS-5198-23-Z36_patch_28672_62464_stained.tif,Dataset/Data/tes_unstain/AS-5198-23-Z36_patch_28672_62464_unstained.tif
AS-7231-22-Z17_40960_72704,Dataset/Data/unstained/AS-7231-22-Z17_patch_40960_72704_stained.tif,Dataset/Data/tes_stain/AS-7231-22-Z17_patch_40960_72704_unstained.tif
AS-5198-23-Z35_24576_17408,Dataset/Data/stained/AS-5198-23-Z35_patch_24576_17408_stained.tif,Dataset/Data/tes_unstain/AS-5198-23-Z35_patch_24576_17408_unstained.tif
AS-7231-22-Z17_33792_38912,Dataset/Data/unstained/AS-7231-22-Z17_patch_33792_38912_stained.tif,Dataset/Data/tes_stain/AS-7231-22-Z17_patch_33792_38912_unstained.tif
AS-7231-22-Z17_37888_10240,Dataset/Data/unstained/AS-7231-22-Z17_patch_37888_10240_stained.tif,Dataset/Data/tes_stain/AS-7231-22-Z17_patch_37888_10240_unstained.tif
AS-7231-22-Z17_35840_33792,Dataset/Data/unstained/AS-7231-22-Z17_patch_35840_33792_stained.tif,Dataset/Data/tes_stain/AS-7231-22-Z17_patch_35840_33792_unstained.tif
AS-5198-23-Z35_15360_30720,Dataset/Data/stained/AS-5198-23-Z35_patch_15360_30720_stained.tif,Dataset/Data/tes_unstain/AS-5198-23-Z35_patch_15360_30720_unstained.tif
AS-7231-22-Z17_36864_28672,Dataset/Data/unstained/AS-7231-22-Z17_patch_36864_28672_stained.tif,Dataset/Data/tes_stain/AS-7231-22-Z17_patch_36864_28672_unstained.tif
AS-5198-23-Z35_17408_31744,Dataset/Data/stained/AS-5198-23-Z35_patch_17408_31744_stained.tif,Dataset/Data/tes_unstain/AS-5198-23-Z35_patch_17408_31744_unstained.tif
AS-5198-23-Z36_30720_23552,Dataset/Data/stained/AS-5198-23-Z36_patch_30720_23552_stained.tif,Dataset/Data/tes_unstain/AS-5198-23-Z36_patch_30720_23552_unstained.tif
AS-7231-22-Z17_32768_65536,Dataset/Data/unstained/AS-7231-22-Z17_patch_32768_65536_stained.tif,Dataset/Data/tes_stain/AS-7231-22-Z17_patch_32768_65536_unstained.tif
AS-5198-23-Z35_25600_30720,Dataset/Data/stained/AS-5198-23-Z35_patch_25600_30720_stained.tif,Dataset/Data/tes_unstain/AS-5198-23-Z35_patch_25600_30720_unstained.tif
AS-5198-23-Z35_26624_44032,Dataset/Data/stained/AS-5198-23-Z35_patch_26624_44032_stained.tif,Dataset/Data/tes_unstain/AS-5198-23-Z35_patch_26624_44032_unstained.tif
AS-7231-22-Z17_35840_17408,Dataset/Data/unstained/AS-7231-22-Z17_patch_35840_17408_stained.tif,Dataset/Data/tes_stain/AS-7231-22-Z17_patch_35840_17408_unstained.tif
AS-7231-22-Z17_30720_47104,Dataset/Data/unstained/AS-7231-22-Z17_patch_30720_47104_stained.tif,Dataset/Data/tes_stain/AS-7231-22-Z17_patch_30720_47104_unstained.tif
AS-7231-22-Z17_31744_66560,Dataset/Data/unstained/AS-7231-22-Z17_patch_31744_66560_stained.tif,Dataset/Data/tes_stain/AS-7231-22-Z17_patch_31744_66560_unstained.tif
AS-7231-22-Z17_34816_35840,Dataset/Data/unstained/AS-7231-22-Z17_patch_34816_35840_stained.tif,Dataset/Data/tes_stain/AS-7231-22-Z17_patch_34816_35840_unstained.tif
AS-7231-22-Z17_34816_46080,Dataset/Data/unstained/AS-7231-22-Z17_patch_34816_46080_stained.tif,Dataset/Data/tes_stain/AS-7231-22-Z17_patch_34816_46080_unstained.tif
AS-5198-23-Z35_25600_40960,Dataset/Data/stained/AS-5198-23-Z35_patch_25600_40960_stained.tif,Dataset/Data/tes_unstain/AS-5198-23-Z35_patch_25600_40960_unstained.tif
AS-7231-22-Z17_31744_52224,Dataset/Data/unstained/AS-7231-22-Z17_patch_31744_52224_stained.tif,Dataset/Data/tes_stain/AS-7231-22-Z17_patch_31744_52224_unstained.tif
AS-5198-23-Z35_26624_37888,Dataset/Data/stained/AS-5198-23-Z35_patch_26624_37888_stained.tif,Dataset/Data/tes_unstain/AS-5198-23-Z35_patch_26624_37888_unstained.tif
AS-5198-23-Z36_29696_31744,Dataset/Data/stained/AS-5198-23-Z36_patch_29696_31744_stained.tif,Dataset/Data/tes_unstain/AS-5198-23-Z36_patch_29696_31744_unstained.tif
AS-5198-23-Z35_22528_28672,Dataset/Data/stained/AS-5198-23-Z35_patch_22528_28672_stained.tif,Dataset/Data/tes_unstain/AS-5198-23-Z35_patch_22528_28672_unstained.tif
AS-7231-22-Z17_35840_60416,Dataset/Data/unstained/AS-7231-22-Z17_patch_35840_60416_stained.tif,Dataset/Data/tes_stain/AS-7231-22-Z17_patch_35840_60416_unstained.tif
AS-7231-22-Z17_32768_53248,Dataset/Data/unstained/AS-7231-22-Z17_patch_32768_53248_stained.tif,Dataset/Data/tes_stain/AS-7231-22-Z17_patch_32768_53248_unstained.tif
AS-7231-22-Z17_38912_53248,Dataset/Data/unstained/AS-7231-22-Z17_patch_38912_53248_stained.tif,Dataset/Data/tes_stain/AS-7231-22-Z17_patch_38912_53248_unstained.tif
AS-7231-22-Z17_29696_62464,Dataset/Data/unstained/AS-7231-22-Z17_patch_29696_62464_stained.tif,Dataset/Data/tes_stain/AS-7231-22-Z17_patch_29696_62464_unstained.tif
AS-7231-22-Z17_35840_63488,Dataset/Data/unstained/AS-7231-22-Z17_patch_35840_63488_stained.tif,Dataset/Data/tes_stain/AS-7231-22-Z17_patch_35840_63488_unstained.tif
AS-5198-23-Z36_30720_60416,Dataset/Data/stained/AS-5198-23-Z36_patch_30720_60416_stained.tif,Dataset/Data/tes_unstain/AS-5198-23-Z36_patch_30720_60416_unstained.tif
AS-5198-23-Z35_22528_25600,Dataset/Data/stained/AS-5198-23-Z35_patch_22528_25600_stained.tif,Dataset/Data/tes_unstain/AS-5198-23-Z35_patch_22528_25600_unstained.tif
AS-5198-23-Z35_22528_24576,Dataset/Data/stained/AS-5198-23-Z35_patch_22528_24576_stained.tif,Dataset/Data/tes_unstain/AS-5198-23-Z35_patch_22528_24576_unstained.tif
AS-7231-22-Z17_34816_47104,Dataset/Data/unstained/AS-7231-22-Z17_patch_34816_47104_stained.tif,Dataset/Data/tes_stain/AS-7231-22-Z17_patch_34816_47104_unstained.tif
AS-7231-22-Z17_40960_58368,Dataset/Data/unstained/AS-7231-22-Z17_patch_40960_58368_stained.tif,Dataset/Data/tes_stain/AS-7231-22-Z17_patch_40960_58368_unstained.tif
AS-7231-22-Z17_34816_66560,Dataset/Data/unstained/AS-7231-22-Z17_patch_34816_66560_stained.tif,Dataset/Data/tes_stain/AS-7231-22-Z17_patch_34816_66560_unstained.tif
AS-7231-22-Z17_33792_39936,Dataset/Data/unstained/AS-7231-22-Z17_patch_33792_39936_stained.tif,Dataset/Data/tes_stain/AS-7231-22-Z17_patch_33792_39936_unstained.tif
AS-5198-23-Z36_27648_29696,Dataset/Data/stained/AS-5198-23-Z36_patch_27648_29696_stained.tif,Dataset/Data/tes_unstain/AS-5198-23-Z36_patch_27648_29696_unstained.tif
AS-5198-23-Z36_30720_34816,Dataset/Data/stained/AS-5198-23-Z36_patch_30720_34816_stained.tif,Dataset/Data/tes_unstain/AS-5198-23-Z36_patch_30720_34816_unstained.tif
AS-5198-23-Z35_27648_33792,Dataset/Data/stained/AS-5198-23-Z35_patch_27648_33792_stained.tif,Dataset/Data/tes_unstain/AS-5198-23-Z35_patch_27648_33792_unstained.tif
AS-5198-23-Z35_23552_30720,Dataset/Data/stained/AS-5198-23-Z35_patch_23552_30720_stained.tif,Dataset/Data/tes_unstain/AS-5198-23-Z35_patch_23552_30720_unstained.tif
AS-5198-23-Z35_21504_28672,Dataset/Data/stained/AS-5198-23-Z35_patch_21504_28672_stained.tif,Dataset/Data/tes_unstain/AS-5198-23-Z35_patch_21504_28672_unstained.tif
AS-7231-22-Z17_37888_38912,Dataset/Data/unstained/AS-7231-22-Z17_patch_37888_38912_stained.tif,Dataset/Data/tes_stain/AS-7231-22-Z17_patch_37888_38912_unstained.tif
AS-7231-22-Z17_31744_50176,Dataset/Data/unstained/AS-7231-22-Z17_patch_31744_50176_stained.tif,Dataset/Data/tes_stain/AS-7231-22-Z17_patch_31744_50176_unstained.tif
AS-5198-23-Z35_22528_21504,Dataset/Data/stained/AS-5198-23-Z35_patch_22528_21504_stained.tif,Dataset/Data/tes_unstain/AS-5198-23-Z35_patch_22528_21504_unstained.tif
AS-7231-22-Z17_41984_69632,Dataset/Data/unstained/AS-7231-22-Z17_patch_41984_69632_stained.tif,Dataset/Data/tes_stain/AS-7231-22-Z17_patch_41984_69632_unstained.tif
AS-5198-23-Z35_23552_41984,Dataset/Data/stained/AS-5198-23-Z35_patch_23552_41984_stained.tif,Dataset/Data/tes_unstain/AS-5198-23-Z35_patch_23552_41984_unstained.tif
AS-7231-22-Z17_31744_51200,Dataset/Data/unstained/AS-7231-22-Z17_patch_31744_51200_stained.tif,Dataset/Data/tes_stain/AS-7231-22-Z17_patch_31744_51200_unstained.tif
AS-5198-23-Z35_26624_19456,Dataset/Data/stained/AS-5198-23-Z35_patch_26624_19456_stained.tif,Dataset/Data/tes_unstain/AS-5198-23-Z35_patch_26624_19456_unstained.tif
AS-5198-23-Z35_26624_33792,Dataset/Data/stained/AS-5198-23-Z35_patch_26624_33792_stained.tif,Dataset/Data/tes_unstain/AS-5198-23-Z35_patch_26624_33792_unstained.tif
AS-5198-23-Z36_28672_59392,Dataset/Data/stained/AS-5198-23-Z36_patch_28672_59392_stained.tif,Dataset/Data/tes_unstain/AS-5198-23-Z36_patch_28672_59392_unstained.tif
AS-5198-23-Z35_21504_27648,Dataset/Data/stained/AS-5198-23-Z35_patch_21504_27648_stained.tif,Dataset/Data/tes_unstain/AS-5198-23-Z35_patch_21504_27648_unstained.tif
AS-5198-23-Z35_23552_27648,Dataset/Data/stained/AS-5198-23-Z35_patch_23552_27648_stained.tif,Dataset/Data/tes_unstain/AS-5198-23-Z35_patch_23552_27648_unstained.tif
AS-5198-23-Z35_23552_47104,Dataset/Data/stained/AS-5198-23-Z35_patch_23552_47104_stained.tif,Dataset/Data/tes_unstain/AS-5198-23-Z35_patch_23552_47104_unstained.tif
AS-5198-23-Z36_29696_56320,Dataset/Data/stained/AS-5198-23-Z36_patch_29696_56320_stained.tif,Dataset/Data/tes_unstain/AS-5198-23-Z36_patch_29696_56320_unstained.tif
AS-5198-23-Z35_25600_23552,Dataset/Data/stained/AS-5198-23-Z35_patch_25600_23552_stained.tif,Dataset/Data/tes_unstain/AS-5198-23-Z35_patch_25600_23552_unstained.tif
AS-5198-23-Z36_29696_32768,Dataset/Data/stained/AS-5198-23-Z36_patch_29696_32768_stained.tif,Dataset/Data/tes_unstain/AS-5198-23-Z36_patch_29696_32768_unstained.tif
AS-7231-22-Z17_38912_75776,Dataset/Data/unstained/AS-7231-22-Z17_patch_38912_75776_stained.tif,Dataset/Data/tes_stain/AS-7231-22-Z17_patch_38912_75776_unstained.tif
AS-7231-22-Z17_35840_36864,Dataset/Data/unstained/AS-7231-22-Z17_patch_35840_36864_stained.tif,Dataset/Data/tes_stain/AS-7231-22-Z17_patch_35840_36864_unstained.tif
AS-7231-22-Z17_38912_70656,Dataset/Data/unstained/AS-7231-22-Z17_patch_38912_70656_stained.tif,Dataset/Data/tes_stain/AS-7231-22-Z17_patch_38912_70656_unstained.tif
AS-7231-22-Z17_38912_52224,Dataset/Data/unstained/AS-7231-22-Z17_patch_38912_52224_stained.tif,Dataset/Data/tes_stain/AS-7231-22-Z17_patch_38912_52224_unstained.tif
AS-7231-22-Z17_38912_51200,Dataset/Data/unstained/AS-7231-22-Z17_patch_38912_51200_stained.tif,Dataset/Data/tes_stain/AS-7231-22-Z17_patch_38912_51200_unstained.tif
AS-5198-23-Z35_21504_40960,Dataset/Data/stained/AS-5198-23-Z35_patch_21504_40960_stained.tif,Dataset/Data/tes_unstain/AS-5198-23-Z35_patch_21504_40960_unstained.tif
AS-7231-22-Z17_32768_50176,Dataset/Data/unstained/AS-7231-22-Z17_patch_32768_50176_stained.tif,Dataset/Data/tes_stain/AS-7231-22-Z17_patch_32768_50176_unstained.tif
AS-5198-23-Z36_28672_61440,Dataset/Data/stained/AS-5198-23-Z36_patch_28672_61440_stained.tif,Dataset/Data/tes_unstain/AS-5198-23-Z36_patch_28672_61440_unstained.tif
AS-7231-22-Z17_37888_36864,Dataset/Data/unstained/AS-7231-22-Z17_patch_37888_36864_stained.tif,Dataset/Data/tes_stain/AS-7231-22-Z17_patch_37888_36864_unstained.tif
AS-7231-22-Z17_35840_41984,Dataset/Data/unstained/AS-7231-22-Z17_patch_35840_41984_stained.tif,Dataset/Data/tes_stain/AS-7231-22-Z17_patch_35840_41984_unstained.tif
AS-7231-22-Z17_34816_67584,Dataset/Data/unstained/AS-7231-22-Z17_patch_34816_67584_stained.tif,Dataset/Data/tes_stain/AS-7231-22-Z17_patch_34816_67584_unstained.tif
AS-7231-22-Z17_39936_58368,Dataset/Data/unstained/AS-7231-22-Z17_patch_39936_58368_stained.tif,Dataset/Data/tes_stain/AS-7231-22-Z17_patch_39936_58368_unstained.tif
AS-5198-23-Z35_24576_29696,Dataset/Data/stained/AS-5198-23-Z35_patch_24576_29696_stained.tif,Dataset/Data/tes_unstain/AS-5198-23-Z35_patch_24576_29696_unstained.tif
AS-7231-22-Z17_32768_54272,Dataset/Data/unstained/AS-7231-22-Z17_patch_32768_54272_stained.tif,Dataset/Data/tes_stain/AS-7231-22-Z17_patch_32768_54272_unstained.tif
AS-7231-22-Z17_39936_60416,Dataset/Data/unstained/AS-7231-22-Z17_patch_39936_60416_stained.tif,Dataset/Data/tes_stain/AS-7231-22-Z17_patch_39936_60416_unstained.tif
AS-7231-22-Z17_41984_74752,Dataset/Data/unstained/AS-7231-22-Z17_patch_41984_74752_stained.tif,Dataset/Data/tes_stain/AS-7231-22-Z17_patch_41984_74752_unstained.tif
AS-7231-22-Z17_36864_27648,Dataset/Data/unstained/AS-7231-22-Z17_patch_36864_27648_stained.tif,Dataset/Data/tes_stain/AS-7231-22-Z17_patch_36864_27648_unstained.tif
AS-7231-22-Z17_39936_64512,Dataset/Data/unstained/AS-7231-22-Z17_patch_39936_64512_stained.tif,Dataset/Data/tes_stain/AS-7231-22-Z17_patch_39936_64512_unstained.tif
AS-7231-22-Z17_31744_67584,Dataset/Data/unstained/AS-7231-22-Z17_patch_31744_67584_stained.tif,Dataset/Data/tes_stain/AS-7231-22-Z17_patch_31744_67584_unstained.tif
AS-7231-22-Z17_36864_60416,Dataset/Data/unstained/AS-7231-22-Z17_patch_36864_60416_stained.tif,Dataset/Data/tes_stain/AS-7231-22-Z17_patch_36864_60416_unstained.tif
AS-7231-22-Z17_35840_31744,Dataset/Data/unstained/AS-7231-22-Z17_patch_35840_31744_stained.tif,Dataset/Data/tes_stain/AS-7231-22-Z17_patch_35840_31744_unstained.tif
AS-5198-23-Z36_28672_43008,Dataset/Data/stained/AS-5198-23-Z36_patch_28672_43008_stained.tif,Dataset/Data/tes_unstain/AS-5198-23-Z36_patch_28672_43008_unstained.tif
AS-7231-22-Z17_43008_68608,Dataset/Data/unstained/AS-7231-22-Z17_patch_43008_68608_stained.tif,Dataset/Data/tes_stain/AS-7231-22-Z17_patch_43008_68608_unstained.tif
AS-7231-22-Z17_28672_55296,Dataset/Data/unstained/AS-7231-22-Z17_patch_28672_55296_stained.tif,Dataset/Data/tes_stain/AS-7231-22-Z17_patch_28672_55296_unstained.tif
AS-5198-23-Z35_25600_46080,Dataset/Data/stained/AS-5198-23-Z35_patch_25600_46080_stained.tif,Dataset/Data/tes_unstain/AS-5198-23-Z35_patch_25600_46080_unstained.tif
AS-7231-22-Z17_36864_40960,Dataset/Data/unstained/AS-7231-22-Z17_patch_36864_40960_stained.tif,Dataset/Data/tes_stain/AS-7231-22-Z17_patch_36864_40960_unstained.tif
AS-5198-23-Z36_29696_59392,Dataset/Data/stained/AS-5198-23-Z36_patch_29696_59392_stained.tif,Dataset/Data/tes_unstain/AS-5198-23-Z36_patch_29696_59392_unstained.tif
AS-7231-22-Z17_28672_41984,Dataset/Data/unstained/AS-7231-22-Z17_patch_28672_41984_stained.tif,Dataset/Data/tes_stain/AS-7231-22-Z17_patch_28672_41984_unstained.tif
AS-5198-23-Z35_20480_45056,Dataset/Data/stained/AS-5198-23-Z35_patch_20480_45056_stained.tif,Dataset/Data/tes_unstain/AS-5198-23-Z35_patch_20480_45056_unstained.tif
AS-7231-22-Z17_34816_22528,Dataset/Data/unstained/AS-7231-22-Z17_patch_34816_22528_stained.tif,Dataset/Data/tes_stain/AS-7231-22-Z17_patch_34816_22528_unstained.tif
AS-5198-23-Z35_24576_45056,Dataset/Data/stained/AS-5198-23-Z35_patch_24576_45056_stained.tif,Dataset/Data/tes_unstain/AS-5198-23-Z35_patch_24576_45056_unstained.tif
AS-7231-22-Z17_37888_55296,Dataset/Data/unstained/AS-7231-22-Z17_patch_37888_55296_stained.tif,Dataset/Data/tes_stain/AS-7231-22-Z17_patch_37888_55296_unstained.tif
AS-7231-22-Z17_31744_49152,Dataset/Data/unstained/AS-7231-22-Z17_patch_31744_49152_stained.tif,Dataset/Data/tes_stain/AS-7231-22-Z17_patch_31744_49152_unstained.tif
AS-7231-22-Z17_33792_52224,Dataset/Data/unstained/AS-7231-22-Z17_patch_33792_52224_stained.tif,Dataset/Data/tes_stain/AS-7231-22-Z17_patch_33792_52224_unstained.tif
AS-5198-23-Z36_28672_29696,Dataset/Data/stained/AS-5198-23-Z36_patch_28672_29696_stained.tif,Dataset/Data/tes_unstain/AS-5198-23-Z36_patch_28672_29696_unstained.tif
AS-7231-22-Z17_44032_65536,Dataset/Data/unstained/AS-7231-22-Z17_patch_44032_65536_stained.tif,Dataset/Data/tes_stain/AS-7231-22-Z17_patch_44032_65536_unstained.tif
AS-7231-22-Z17_37888_9216,Dataset/Data/unstained/AS-7231-22-Z17_patch_37888_9216_stained.tif,Dataset/Data/tes_stain/AS-7231-22-Z17_patch_37888_9216_unstained.tif
AS-5198-23-Z35_24576_46080,Dataset/Data/stained/AS-5198-23-Z35_patch_24576_46080_stained.tif,Dataset/Data/tes_unstain/AS-5198-23-Z35_patch_24576_46080_unstained.tif
AS-7231-22-Z17_35840_57344,Dataset/Data/unstained/AS-7231-22-Z17_patch_35840_57344_stained.tif,Dataset/Data/tes_stain/AS-7231-22-Z17_patch_35840_57344_unstained.tif
AS-7231-22-Z17_33792_57344,Dataset/Data/unstained/AS-7231-22-Z17_patch_33792_57344_stained.tif,Dataset/Data/tes_stain/AS-7231-22-Z17_patch_33792_57344_unstained.tif
AS-5198-23-Z35_27648_25600,Dataset/Data/stained/AS-5198-23-Z35_patch_27648_25600_stained.tif,Dataset/Data/tes_unstain/AS-5198-23-Z35_patch_27648_25600_unstained.tif
AS-7231-22-Z17_32768_62464,Dataset/Data/unstained/AS-7231-22-Z17_patch_32768_62464_stained.tif,Dataset/Data/tes_stain/AS-7231-22-Z17_patch_32768_62464_unstained.tif
AS-5198-23-Z36_29696_27648,Dataset/Data/stained/AS-5198-23-Z36_patch_29696_27648_stained.tif,Dataset/Data/tes_unstain/AS-5198-23-Z36_patch_29696_27648_unstained.tif
AS-7231-22-Z17_38912_62464,Dataset/Data/unstained/AS-7231-22-Z17_patch_38912_62464_stained.tif,Dataset/Data/tes_stain/AS-7231-22-Z17_patch_38912_62464_unstained.tif
AS-7231-22-Z17_34816_40960,Dataset/Data/unstained/AS-7231-22-Z17_patch_34816_40960_stained.tif,Dataset/Data/tes_stain/AS-7231-22-Z17_patch_34816_40960_unstained.tif
AS-5198-23-Z36_27648_39936,Dataset/Data/stained/AS-5198-23-Z36_patch_27648_39936_stained.tif,Dataset/Data/tes_unstain/AS-5198-23-Z36_patch_27648_39936_unstained.tif
AS-5198-23-Z35_25600_36864,Dataset/Data/stained/AS-5198-23-Z35_patch_25600_36864_stained.tif,Dataset/Data/tes_unstain/AS-5198-23-Z35_patch_25600_36864_unstained.tif
AS-7231-22-Z17_35840_20480,Dataset/Data/unstained/AS-7231-22-Z17_patch_35840_20480_stained.tif,Dataset/Data/tes_stain/AS-7231-22-Z17_patch_35840_20480_unstained.tif
AS-7231-22-Z17_31744_70656,Dataset/Data/unstained/AS-7231-22-Z17_patch_31744_70656_stained.tif,Dataset/Data/tes_stain/AS-7231-22-Z17_patch_31744_70656_unstained.tif
AS-7231-22-Z17_32768_45056,Dataset/Data/unstained/AS-7231-22-Z17_patch_32768_45056_stained.tif,Dataset/Data/tes_stain/AS-7231-22-Z17_patch_32768_45056_unstained.tif
AS-5198-23-Z35_26624_22528,Dataset/Data/stained/AS-5198-23-Z35_patch_26624_22528_stained.tif,Dataset/Data/tes_unstain/AS-5198-23-Z35_patch_26624_22528_unstained.tif
AS-5198-23-Z36_28672_32768,Dataset/Data/stained/AS-5198-23-Z36_patch_28672_32768_stained.tif,Dataset/Data/tes_unstain/AS-5198-23-Z36_patch_28672_32768_unstained.tif
AS-5198-23-Z36_28672_40960,Dataset/Data/stained/AS-5198-23-Z36_patch_28672_40960_stained.tif,Dataset/Data/tes_unstain/AS-5198-23-Z36_patch_28672_40960_unstained.tif
AS-5198-23-Z35_24576_36864,Dataset/Data/stained/AS-5198-23-Z35_patch_24576_36864_stained.tif,Dataset/Data/tes_unstain/AS-5198-23-Z35_patch_24576_36864_unstained.tif
AS-7231-22-Z17_41984_64512,Dataset/Data/unstained/AS-7231-22-Z17_patch_41984_64512_stained.tif,Dataset/Data/tes_stain/AS-7231-22-Z17_patch_41984_64512_unstained.tif
AS-7231-22-Z17_36864_35840,Dataset/Data/unstained/AS-7231-22-Z17_patch_36864_35840_stained.tif,Dataset/Data/tes_stain/AS-7231-22-Z17_patch_36864_35840_unstained.tif
AS-5198-23-Z36_30720_44032,Dataset/Data/stained/AS-5198-23-Z36_patch_30720_44032_stained.tif,Dataset/Data/tes_unstain/AS-5198-23-Z36_patch_30720_44032_unstained.tif
AS-5198-23-Z36_27648_28672,Dataset/Data/stained/AS-5198-23-Z36_patch_27648_28672_stained.tif,Dataset/Data/tes_unstain/AS-5198-23-Z36_patch_27648_28672_unstained.tif
AS-7231-22-Z17_28672_51200,Dataset/Data/unstained/AS-7231-22-Z17_patch_28672_51200_stained.tif,Dataset/Data/tes_stain/AS-7231-22-Z17_patch_28672_51200_unstained.tif
AS-7231-22-Z17_32768_52224,Dataset/Data/unstained/AS-7231-22-Z17_patch_32768_52224_stained.tif,Dataset/Data/tes_stain/AS-7231-22-Z17_patch_32768_52224_unstained.tif
AS-7231-22-Z17_44032_71680,Dataset/Data/unstained/AS-7231-22-Z17_patch_44032_71680_stained.tif,Dataset/Data/tes_stain/AS-7231-22-Z17_patch_44032_71680_unstained.tif
AS-7231-22-Z17_39936_73728,Dataset/Data/unstained/AS-7231-22-Z17_patch_39936_73728_stained.tif,Dataset/Data/tes_stain/AS-7231-22-Z17_patch_39936_73728_unstained.tif
AS-7231-22-Z17_38912_69632,Dataset/Data/unstained/AS-7231-22-Z17_patch_38912_69632_stained.tif,Dataset/Data/tes_stain/AS-7231-22-Z17_patch_38912_69632_unstained.tif
AS-7231-22-Z17_31744_62464,Dataset/Data/unstained/AS-7231-22-Z17_patch_31744_62464_stained.tif,Dataset/Data/tes_stain/AS-7231-22-Z17_patch_31744_62464_unstained.tif
AS-7231-22-Z17_37888_40960,Dataset/Data/unstained/AS-7231-22-Z17_patch_37888_40960_stained.tif,Dataset/Data/tes_stain/AS-7231-22-Z17_patch_37888_40960_unstained.tif
AS-7231-22-Z17_32768_58368,Dataset/Data/unstained/AS-7231-22-Z17_patch_32768_58368_stained.tif,Dataset/Data/tes_stain/AS-7231-22-Z17_patch_32768_58368_unstained.tif
AS-7231-22-Z17_40960_67584,Dataset/Data/unstained/AS-7231-22-Z17_patch_40960_67584_stained.tif,Dataset/Data/tes_stain/AS-7231-22-Z17_patch_40960_67584_unstained.tif
AS-7231-22-Z17_29696_68608,Dataset/Data/unstained/AS-7231-22-Z17_patch_29696_68608_stained.tif,Dataset/Data/tes_stain/AS-7231-22-Z17_patch_29696_68608_unstained.tif
AS-7231-22-Z17_41984_68608,Dataset/Data/unstained/AS-7231-22-Z17_patch_41984_68608_stained.tif,Dataset/Data/tes_stain/AS-7231-22-Z17_patch_41984_68608_unstained.tif
AS-7231-22-Z17_30720_53248,Dataset/Data/unstained/AS-7231-22-Z17_patch_30720_53248_stained.tif,Dataset/Data/tes_stain/AS-7231-22-Z17_patch_30720_53248_unstained.tif
AS-7231-22-Z17_36864_22528,Dataset/Data/unstained/AS-7231-22-Z17_patch_36864_22528_stained.tif,Dataset/Data/tes_stain/AS-7231-22-Z17_patch_36864_22528_unstained.tif
AS-5198-23-Z35_19456_41984,Dataset/Data/stained/AS-5198-23-Z35_patch_19456_41984_stained.tif,Dataset/Data/tes_unstain/AS-5198-23-Z35_patch_19456_41984_unstained.tif
AS-5198-23-Z35_25600_19456,Dataset/Data/stained/AS-5198-23-Z35_patch_25600_19456_stained.tif,Dataset/Data/tes_unstain/AS-5198-23-Z35_patch_25600_19456_unstained.tif
AS-7231-22-Z17_34816_29696,Dataset/Data/unstained/AS-7231-22-Z17_patch_34816_29696_stained.tif,Dataset/Data/tes_stain/AS-7231-22-Z17_patch_34816_29696_unstained.tif
AS-5198-23-Z35_22528_37888,Dataset/Data/stained/AS-5198-23-Z35_patch_22528_37888_stained.tif,Dataset/Data/tes_unstain/AS-5198-23-Z35_patch_22528_37888_unstained.tif
AS-7231-22-Z17_28672_70656,Dataset/Data/unstained/AS-7231-22-Z17_patch_28672_70656_stained.tif,Dataset/Data/tes_stain/AS-7231-22-Z17_patch_28672_70656_unstained.tif
AS-5198-23-Z35_17408_30720,Dataset/Data/stained/AS-5198-23-Z35_patch_17408_30720_stained.tif,Dataset/Data/tes_unstain/AS-5198-23-Z35_patch_17408_30720_unstained.tif
AS-7231-22-Z17_29696_52224,Dataset/Data/unstained/AS-7231-22-Z17_patch_29696_52224_stained.tif,Dataset/Data/tes_stain/AS-7231-22-Z17_patch_29696_52224_unstained.tif
AS-5198-23-Z35_23552_12288,Dataset/Data/stained/AS-5198-23-Z35_patch_23552_12288_stained.tif,Dataset/Data/tes_unstain/AS-5198-23-Z35_patch_23552_12288_unstained.tif
AS-7231-22-Z17_32768_68608,Dataset/Data/unstained/AS-7231-22-Z17_patch_32768_68608_stained.tif,Dataset/Data/tes_stain/AS-7231-22-Z17_patch_32768_68608_unstained.tif
AS-7231-22-Z17_38912_54272,Dataset/Data/unstained/AS-7231-22-Z17_patch_38912_54272_stained.tif,Dataset/Data/tes_stain/AS-7231-22-Z17_patch_38912_54272_unstained.tif
AS-7231-22-Z17_37888_43008,Dataset/Data/unstained/AS-7231-22-Z17_patch_37888_43008_stained.tif,Dataset/Data/tes_stain/AS-7231-22-Z17_patch_37888_43008_unstained.tif
AS-7231-22-Z17_37888_32768,Dataset/Data/unstained/AS-7231-22-Z17_patch_37888_32768_stained.tif,Dataset/Data/tes_stain/AS-7231-22-Z17_patch_37888_32768_unstained.tif
AS-7231-22-Z17_40960_71680,Dataset/Data/unstained/AS-7231-22-Z17_patch_40960_71680_stained.tif,Dataset/Data/tes_stain/AS-7231-22-Z17_patch_40960_71680_unstained.tif
AS-7231-22-Z17_34816_65536,Dataset/Data/unstained/AS-7231-22-Z17_patch_34816_65536_stained.tif,Dataset/Data/tes_stain/AS-7231-22-Z17_patch_34816_65536_unstained.tif
AS-5198-23-Z35_20480_27648,Dataset/Data/stained/AS-5198-23-Z35_patch_20480_27648_stained.tif,Dataset/Data/tes_unstain/AS-5198-23-Z35_patch_20480_27648_unstained.tif
AS-7231-22-Z17_30720_38912,Dataset/Data/unstained/AS-7231-22-Z17_patch_30720_38912_stained.tif,Dataset/Data/tes_stain/AS-7231-22-Z17_patch_30720_38912_unstained.tif
AS-5198-23-Z35_25600_17408,Dataset/Data/stained/AS-5198-23-Z35_patch_25600_17408_stained.tif,Dataset/Data/tes_unstain/AS-5198-23-Z35_patch_25600_17408_unstained.tif
AS-7231-22-Z17_35840_18432,Dataset/Data/unstained/AS-7231-22-Z17_patch_35840_18432_stained.tif,Dataset/Data/tes_stain/AS-7231-22-Z17_patch_35840_18432_unstained.tif
AS-7231-22-Z17_30720_50176,Dataset/Data/unstained/AS-7231-22-Z17_patch_30720_50176_stained.tif,Dataset/Data/tes_stain/AS-7231-22-Z17_patch_30720_50176_unstained.tif
AS-7231-22-Z17_34816_21504,Dataset/Data/unstained/AS-7231-22-Z17_patch_34816_21504_stained.tif,Dataset/Data/tes_stain/AS-7231-22-Z17_patch_34816_21504_unstained.tif
AS-5198-23-Z36_30720_31744,Dataset/Data/stained/AS-5198-23-Z36_patch_30720_31744_stained.tif,Dataset/Data/tes_unstain/AS-5198-23-Z36_patch_30720_31744_unstained.tif
AS-7231-22-Z17_29696_65536,Dataset/Data/unstained/AS-7231-22-Z17_patch_29696_65536_stained.tif,Dataset/Data/tes_stain/AS-7231-22-Z17_patch_29696_65536_unstained.tif
AS-7231-22-Z17_37888_64512,Dataset/Data/unstained/AS-7231-22-Z17_patch_37888_64512_stained.tif,Dataset/Data/tes_stain/AS-7231-22-Z17_patch_37888_64512_unstained.tif
AS-5198-23-Z35_24576_15360,Dataset/Data/stained/AS-5198-23-Z35_patch_24576_15360_stained.tif,Dataset/Data/tes_unstain/AS-5198-23-Z35_patch_24576_15360_unstained.tif
AS-5198-23-Z36_28672_51200,Dataset/Data/stained/AS-5198-23-Z36_patch_28672_51200_stained.tif,Dataset/Data/tes_unstain/AS-5198-23-Z36_patch_28672_51200_unstained.tif
AS-7231-22-Z17_36864_21504,Dataset/Data/unstained/AS-7231-22-Z17_patch_36864_21504_stained.tif,Dataset/Data/tes_stain/AS-7231-22-Z17_patch_36864_21504_unstained.tif
AS-5198-23-Z36_28672_56320,Dataset/Data/stained/AS-5198-23-Z36_patch_28672_56320_stained.tif,Dataset/Data/tes_unstain/AS-5198-23-Z36_patch_28672_56320_unstained.tif
AS-7231-22-Z17_35840_43008,Dataset/Data/unstained/AS-7231-22-Z17_patch_35840_43008_stained.tif,Dataset/Data/tes_stain/AS-7231-22-Z17_patch_35840_43008_unstained.tif
AS-7231-22-Z17_37888_33792,Dataset/Data/unstained/AS-7231-22-Z17_patch_37888_33792_stained.tif,Dataset/Data/tes_stain/AS-7231-22-Z17_patch_37888_33792_unstained.tif
AS-5198-23-Z35_24576_27648,Dataset/Data/stained/AS-5198-23-Z35_patch_24576_27648_stained.tif,Dataset/Data/tes_unstain/AS-5198-23-Z35_patch_24576_27648_unstained.tif
AS-5198-23-Z35_15360_26624,Dataset/Data/stained/AS-5198-23-Z35_patch_15360_26624_stained.tif,Dataset/Data/tes_unstain/AS-5198-23-Z35_patch_15360_26624_unstained.tif
AS-7231-22-Z17_35840_45056,Dataset/Data/unstained/AS-7231-22-Z17_patch_35840_45056_stained.tif,Dataset/Data/tes_stain/AS-7231-22-Z17_patch_35840_45056_unstained.tif
AS-7231-22-Z17_32768_55296,Dataset/Data/unstained/AS-7231-22-Z17_patch_32768_55296_stained.tif,Dataset/Data/tes_stain/AS-7231-22-Z17_patch_32768_55296_unstained.tif
AS-7231-22-Z17_38912_61440,Dataset/Data/unstained/AS-7231-22-Z17_patch_38912_61440_stained.tif,Dataset/Data/tes_stain/AS-7231-22-Z17_patch_38912_61440_unstained.tif
AS-7231-22-Z17_31744_54272,Dataset/Data/unstained/AS-7231-22-Z17_patch_31744_54272_stained.tif,Dataset/Data/tes_stain/AS-7231-22-Z17_patch_31744_54272_unstained.tif
AS-7231-22-Z17_34816_70656,Dataset/Data/unstained/AS-7231-22-Z17_patch_34816_70656_stained.tif,Dataset/Data/tes_stain/AS-7231-22-Z17_patch_34816_70656_unstained.tif
AS-7231-22-Z17_29696_58368,Dataset/Data/unstained/AS-7231-22-Z17_patch_29696_58368_stained.tif,Dataset/Data/tes_stain/AS-7231-22-Z17_patch_29696_58368_unstained.tif
AS-7231-22-Z17_34816_57344,Dataset/Data/unstained/AS-7231-22-Z17_patch_34816_57344_stained.tif,Dataset/Data/tes_stain/AS-7231-22-Z17_patch_34816_57344_unstained.tif
AS-7231-22-Z17_33792_67584,Dataset/Data/unstained/AS-7231-22-Z17_patch_33792_67584_stained.tif,Dataset/Data/tes_stain/AS-7231-22-Z17_patch_33792_67584_unstained.tif
AS-5198-23-Z35_20480_30720,Dataset/Data/stained/AS-5198-23-Z35_patch_20480_30720_stained.tif,Dataset/Data/tes_unstain/AS-5198-23-Z35_patch_20480_30720_unstained.tif
AS-7231-22-Z17_36864_31744,Dataset/Data/unstained/AS-7231-22-Z17_patch_36864_31744_stained.tif,Dataset/Data/tes_stain/AS-7231-22-Z17_patch_36864_31744_unstained.tif
AS-7231-22-Z17_34816_59392,Dataset/Data/unstained/AS-7231-22-Z17_patch_34816_59392_stained.tif,Dataset/Data/tes_stain/AS-7231-22-Z17_patch_34816_59392_unstained.tif
AS-7231-22-Z17_30720_49152,Dataset/Data/unstained/AS-7231-22-Z17_patch_30720_49152_stained.tif,Dataset/Data/tes_stain/AS-7231-22-Z17_patch_30720_49152_unstained.tif
AS-5198-23-Z36_29696_23552,Dataset/Data/stained/AS-5198-23-Z36_patch_29696_23552_stained.tif,Dataset/Data/tes_unstain/AS-5198-23-Z36_patch_29696_23552_unstained.tif
AS-7231-22-Z17_28672_48128,Dataset/Data/unstained/AS-7231-22-Z17_patch_28672_48128_stained.tif,Dataset/Data/tes_stain/AS-7231-22-Z17_patch_28672_48128_unstained.tif
AS-5198-23-Z35_18432_25600,Dataset/Data/stained/AS-5198-23-Z35_patch_18432_25600_stained.tif,Dataset/Data/tes_unstain/AS-5198-23-Z35_patch_18432_25600_unstained.tif
AS-5198-23-Z35_17408_27648,Dataset/Data/stained/AS-5198-23-Z35_patch_17408_27648_stained.tif,Dataset/Data/tes_unstain/AS-5198-23-Z35_patch_17408_27648_unstained.tif
AS-7231-22-Z17_35840_56320,Dataset/Data/unstained/AS-7231-22-Z17_patch_35840_56320_stained.tif,Dataset/Data/tes_stain/AS-7231-22-Z17_patch_35840_56320_unstained.tif
AS-7231-22-Z17_37888_12288,Dataset/Data/unstained/AS-7231-22-Z17_patch_37888_12288_stained.tif,Dataset/Data/tes_stain/AS-7231-22-Z17_patch_37888_12288_unstained.tif
AS-5198-23-Z35_23552_45056,Dataset/Data/stained/AS-5198-23-Z35_patch_23552_45056_stained.tif,Dataset/Data/tes_unstain/AS-5198-23-Z35_patch_23552_45056_unstained.tif
AS-5198-23-Z35_21504_46080,Dataset/Data/stained/AS-5198-23-Z35_patch_21504_46080_stained.tif,Dataset/Data/tes_unstain/AS-5198-23-Z35_patch_21504_46080_unstained.tif
AS-5198-23-Z35_17408_22528,Dataset/Data/stained/AS-5198-23-Z35_patch_17408_22528_stained.tif,Dataset/Data/tes_unstain/AS-5198-23-Z35_patch_17408_22528_unstained.tif
AS-7231-22-Z17_38912_11264,Dataset/Data/unstained/AS-7231-22-Z17_patch_38912_11264_stained.tif,Dataset/Data/tes_stain/AS-7231-22-Z17_patch_38912_11264_unstained.tif
AS-5198-23-Z35_24576_43008,Dataset/Data/stained/AS-5198-23-Z35_patch_24576_43008_stained.tif,Dataset/Data/tes_unstain/AS-5198-23-Z35_patch_24576_43008_unstained.tif
AS-5198-23-Z36_30720_61440,Dataset/Data/stained/AS-5198-23-Z36_patch_30720_61440_stained.tif,Dataset/Data/tes_unstain/AS-5198-23-Z36_patch_30720_61440_unstained.tif
AS-7231-22-Z17_35840_49152,Dataset/Data/unstained/AS-7231-22-Z17_patch_35840_49152_stained.tif,Dataset/Data/tes_stain/AS-7231-22-Z17_patch_35840_49152_unstained.tif
AS-5198-23-Z36_28672_34816,Dataset/Data/stained/AS-5198-23-Z36_patch_28672_34816_stained.tif,Dataset/Data/tes_unstain/AS-5198-23-Z36_patch_28672_34816_unstained.tif
AS-5198-23-Z35_26624_28672,Dataset/Data/stained/AS-5198-23-Z35_patch_26624_28672_stained.tif,Dataset/Data/tes_unstain/AS-5198-23-Z35_patch_26624_28672_unstained.tif
AS-5198-23-Z36_29696_35840,Dataset/Data/stained/AS-5198-23-Z36_patch_29696_35840_stained.tif,Dataset/Data/tes_unstain/AS-5198-23-Z36_patch_29696_35840_unstained.tif
AS-7231-22-Z17_33792_55296,Dataset/Data/unstained/AS-7231-22-Z17_patch_33792_55296_stained.tif,Dataset/Data/tes_stain/AS-7231-22-Z17_patch_33792_55296_unstained.tif
AS-5198-23-Z36_28672_48128,Dataset/Data/stained/AS-5198-23-Z36_patch_28672_48128_stained.tif,Dataset/Data/tes_unstain/AS-5198-23-Z36_patch_28672_48128_unstained.tif
AS-7231-22-Z17_30720_68608,Dataset/Data/unstained/AS-7231-22-Z17_patch_30720_68608_stained.tif,Dataset/Data/tes_stain/AS-7231-22-Z17_patch_30720_68608_unstained.tif
AS-7231-22-Z17_28672_44032,Dataset/Data/unstained/AS-7231-22-Z17_patch_28672_44032_stained.tif,Dataset/Data/tes_stain/AS-7231-22-Z17_patch_28672_44032_unstained.tif
AS-5198-23-Z35_22528_16384,Dataset/Data/stained/AS-5198-23-Z35_patch_22528_16384_stained.tif,Dataset/Data/tes_unstain/AS-5198-23-Z35_patch_22528_16384_unstained.tif
AS-5198-23-Z35_18432_40960,Dataset/Data/stained/AS-5198-23-Z35_patch_18432_40960_stained.tif,Dataset/Data/tes_unstain/AS-5198-23-Z35_patch_18432_40960_unstained.tif
AS-5198-23-Z36_30720_43008,Dataset/Data/stained/AS-5198-23-Z36_patch_30720_43008_stained.tif,Dataset/Data/tes_unstain/AS-5198-23-Z36_patch_30720_43008_unstained.tif
AS-7231-22-Z17_32768_60416,Dataset/Data/unstained/AS-7231-22-Z17_patch_32768_60416_stained.tif,Dataset/Data/tes_stain/AS-7231-22-Z17_patch_32768_60416_unstained.tif
AS-5198-23-Z35_21504_39936,Dataset/Data/stained/AS-5198-23-Z35_patch_21504_39936_stained.tif,Dataset/Data/tes_unstain/AS-5198-23-Z35_patch_21504_39936_unstained.tif
AS-7231-22-Z17_43008_72704,Dataset/Data/unstained/AS-7231-22-Z17_patch_43008_72704_stained.tif,Dataset/Data/tes_stain/AS-7231-22-Z17_patch_43008_72704_unstained.tif
AS-7231-22-Z17_28672_66560,Dataset/Data/unstained/AS-7231-22-Z17_patch_28672_66560_stained.tif,Dataset/Data/tes_stain/AS-7231-22-Z17_patch_28672_66560_unstained.tif
AS-7231-22-Z17_37888_11264,Dataset/Data/unstained/AS-7231-22-Z17_patch_37888_11264_stained.tif,Dataset/Data/tes_stain/AS-7231-22-Z17_patch_37888_11264_unstained.tif
AS-7231-22-Z17_41984_73728,Dataset/Data/unstained/AS-7231-22-Z17_patch_41984_73728_stained.tif,Dataset/Data/tes_stain/AS-7231-22-Z17_patch_41984_73728_unstained.tif
AS-5198-23-Z35_19456_16384,Dataset/Data/stained/AS-5198-23-Z35_patch_19456_16384_stained.tif,Dataset/Data/tes_unstain/AS-5198-23-Z35_patch_19456_16384_unstained.tif
AS-7231-22-Z17_36864_39936,Dataset/Data/unstained/AS-7231-22-Z17_patch_36864_39936_stained.tif,Dataset/Data/tes_stain/AS-7231-22-Z17_patch_36864_39936_unstained.tif
AS-5198-23-Z35_16384_24576,Dataset/Data/stained/AS-5198-23-Z35_patch_16384_24576_stained.tif,Dataset/Data/tes_unstain/AS-5198-23-Z35_patch_16384_24576_unstained.tif
AS-5198-23-Z35_22528_34816,Dataset/Data/stained/AS-5198-23-Z35_patch_22528_34816_stained.tif,Dataset/Data/tes_unstain/AS-5198-23-Z35_patch_22528_34816_unstained.tif
AS-5198-23-Z35_17408_35840,Dataset/Data/stained/AS-5198-23-Z35_patch_17408_35840_stained.tif,Dataset/Data/tes_unstain/AS-5198-23-Z35_patch_17408_35840_unstained.tif
AS-5198-23-Z36_30720_64512,Dataset/Data/stained/AS-5198-23-Z36_patch_30720_64512_stained.tif,Dataset/Data/tes_unstain/AS-5198-23-Z36_patch_30720_64512_unstained.tif
AS-5198-23-Z36_28672_35840,Dataset/Data/stained/AS-5198-23-Z36_patch_28672_35840_stained.tif,Dataset/Data/tes_unstain/AS-5198-23-Z36_patch_28672_35840_unstained.tif
AS-5198-23-Z35_23552_31744,Dataset/Data/stained/AS-5198-23-Z35_patch_23552_31744_stained.tif,Dataset/Data/tes_unstain/AS-5198-23-Z35_patch_23552_31744_unstained.tif
AS-7231-22-Z17_35840_39936,Dataset/Data/unstained/AS-7231-22-Z17_patch_35840_39936_stained.tif,Dataset/Data/tes_stain/AS-7231-22-Z17_patch_35840_39936_unstained.tif
AS-5198-23-Z35_24576_26624,Dataset/Data/stained/AS-5198-23-Z35_patch_24576_26624_stained.tif,Dataset/Data/tes_unstain/AS-5198-23-Z35_patch_24576_26624_unstained.tif
AS-7231-22-Z17_36864_18432,Dataset/Data/unstained/AS-7231-22-Z17_patch_36864_18432_stained.tif,Dataset/Data/tes_stain/AS-7231-22-Z17_patch_36864_18432_unstained.tif
AS-5198-23-Z35_18432_30720,Dataset/Data/stained/AS-5198-23-Z35_patch_18432_30720_stained.tif,Dataset/Data/tes_unstain/AS-5198-23-Z35_patch_18432_30720_unstained.tif
AS-7231-22-Z17_38912_48128,Dataset/Data/unstained/AS-7231-22-Z17_patch_38912_48128_stained.tif,Dataset/Data/tes_stain/AS-7231-22-Z17_patch_38912_48128_unstained.tif
AS-5198-23-Z36_26624_25600,Dataset/Data/stained/AS-5198-23-Z36_patch_26624_25600_stained.tif,Dataset/Data/tes_unstain/AS-5198-23-Z36_patch_26624_25600_unstained.tif
AS-7231-22-Z17_35840_24576,Dataset/Data/unstained/AS-7231-22-Z17_patch_35840_24576_stained.tif,Dataset/Data/tes_stain/AS-7231-22-Z17_patch_35840_24576_unstained.tif
AS-7231-22-Z17_34816_51200,Dataset/Data/unstained/AS-7231-22-Z17_patch_34816_51200_stained.tif,Dataset/Data/tes_stain/AS-7231-22-Z17_patch_34816_51200_unstained.tif
AS-7231-22-Z17_34816_56320,Dataset/Data/unstained/AS-7231-22-Z17_patch_34816_56320_stained.tif,Dataset/Data/tes_stain/AS-7231-22-Z17_patch_34816_56320_unstained.tif
AS-5198-23-Z35_26624_35840,Dataset/Data/stained/AS-5198-23-Z35_patch_26624_35840_stained.tif,Dataset/Data/tes_unstain/AS-5198-23-Z35_patch_26624_35840_unstained.tif
AS-7231-22-Z17_34816_32768,Dataset/Data/unstained/AS-7231-22-Z17_patch_34816_32768_stained.tif,Dataset/Data/tes_stain/AS-7231-22-Z17_patch_34816_32768_unstained.tif
AS-5198-23-Z35_25600_28672,Dataset/Data/stained/AS-5198-23-Z35_patch_25600_28672_stained.tif,Dataset/Data/tes_unstain/AS-5198-23-Z35_patch_25600_28672_unstained.tif
AS-7231-22-Z17_34816_58368,Dataset/Data/unstained/AS-7231-22-Z17_patch_34816_58368_stained.tif,Dataset/Data/tes_stain/AS-7231-22-Z17_patch_34816_58368_unstained.tif
AS-5198-23-Z36_30720_32768,Dataset/Data/stained/AS-5198-23-Z36_patch_30720_32768_stained.tif,Dataset/Data/tes_unstain/AS-5198-23-Z36_patch_30720_32768_unstained.tif
AS-5198-23-Z36_30720_26624,Dataset/Data/stained/AS-5198-23-Z36_patch_30720_26624_stained.tif,Dataset/Data/tes_unstain/AS-5198-23-Z36_patch_30720_26624_unstained.tif
AS-7231-22-Z17_45056_72704,Dataset/Data/unstained/AS-7231-22-Z17_patch_45056_72704_stained.tif,Dataset/Data/tes_stain/AS-7231-22-Z17_patch_45056_72704_unstained.tif
AS-7231-22-Z17_36864_43008,Dataset/Data/unstained/AS-7231-22-Z17_patch_36864_43008_stained.tif,Dataset/Data/tes_stain/AS-7231-22-Z17_patch_36864_43008_unstained.tif
AS-7231-22-Z17_37888_54272,Dataset/Data/unstained/AS-7231-22-Z17_patch_37888_54272_stained.tif,Dataset/Data/tes_stain/AS-7231-22-Z17_patch_37888_54272_unstained.tif
AS-5198-23-Z35_25600_48128,Dataset/Data/stained/AS-5198-23-Z35_patch_25600_48128_stained.tif,Dataset/Data/tes_unstain/AS-5198-23-Z35_patch_25600_48128_unstained.tif
AS-5198-23-Z35_23552_46080,Dataset/Data/stained/AS-5198-23-Z35_patch_23552_46080_stained.tif,Dataset/Data/tes_unstain/AS-5198-23-Z35_patch_23552_46080_unstained.tif
AS-5198-23-Z35_22528_39936,Dataset/Data/stained/AS-5198-23-Z35_patch_22528_39936_stained.tif,Dataset/Data/tes_unstain/AS-5198-23-Z35_patch_22528_39936_unstained.tif
AS-7231-22-Z17_29696_67584,Dataset/Data/unstained/AS-7231-22-Z17_patch_29696_67584_stained.tif,Dataset/Data/tes_stain/AS-7231-22-Z17_patch_29696_67584_unstained.tif
AS-7231-22-Z17_34816_61440,Dataset/Data/unstained/AS-7231-22-Z17_patch_34816_61440_stained.tif,Dataset/Data/tes_stain/AS-7231-22-Z17_patch_34816_61440_unstained.tif
AS-5198-23-Z36_28672_60416,Dataset/Data/stained/AS-5198-23-Z36_patch_28672_60416_stained.tif,Dataset/Data/tes_unstain/AS-5198-23-Z36_patch_28672_60416_unstained.tif
AS-7231-22-Z17_34816_33792,Dataset/Data/unstained/AS-7231-22-Z17_patch_34816_33792_stained.tif,Dataset/Data/tes_stain/AS-7231-22-Z17_patch_34816_33792_unstained.tif
AS-5198-23-Z36_30720_48128,Dataset/Data/stained/AS-5198-23-Z36_patch_30720_48128_stained.tif,Dataset/Data/tes_unstain/AS-5198-23-Z36_patch_30720_48128_unstained.tif
AS-7231-22-Z17_36864_49152,Dataset/Data/unstained/AS-7231-22-Z17_patch_36864_49152_stained.tif,Dataset/Data/tes_stain/AS-7231-22-Z17_patch_36864_49152_unstained.tif
AS-7231-22-Z17_35840_48128,Dataset/Data/unstained/AS-7231-22-Z17_patch_35840_48128_stained.tif,Dataset/Data/tes_stain/AS-7231-22-Z17_patch_35840_48128_unstained.tif
AS-5198-23-Z35_20480_37888,Dataset/Data/stained/AS-5198-23-Z35_patch_20480_37888_stained.tif,Dataset/Data/tes_unstain/AS-5198-23-Z35_patch_20480_37888_unstained.tif
AS-7231-22-Z17_30720_40960,Dataset/Data/unstained/AS-7231-22-Z17_patch_30720_40960_stained.tif,Dataset/Data/tes_stain/AS-7231-22-Z17_patch_30720_40960_unstained.tif
AS-5198-23-Z36_28672_46080,Dataset/Data/stained/AS-5198-23-Z36_patch_28672_46080_stained.tif,Dataset/Data/tes_unstain/AS-5198-23-Z36_patch_28672_46080_unstained.tif
AS-5198-23-Z35_14336_30720,Dataset/Data/stained/AS-5198-23-Z35_patch_14336_30720_stained.tif,Dataset/Data/tes_unstain/AS-5198-23-Z35_patch_14336_30720_unstained.tif
AS-7231-22-Z17_40960_64512,Dataset/Data/unstained/AS-7231-22-Z17_patch_40960_64512_stained.tif,Dataset/Data/tes_stain/AS-7231-22-Z17_patch_40960_64512_unstained.tif
AS-7231-22-Z17_44032_66560,Dataset/Data/unstained/AS-7231-22-Z17_patch_44032_66560_stained.tif,Dataset/Data/tes_stain/AS-7231-22-Z17_patch_44032_66560_unstained.tif
AS-7231-22-Z17_30720_36864,Dataset/Data/unstained/AS-7231-22-Z17_patch_30720_36864_stained.tif,Dataset/Data/tes_stain/AS-7231-22-Z17_patch_30720_36864_unstained.tif
AS-5198-23-Z35_19456_36864,Dataset/Data/stained/AS-5198-23-Z35_patch_19456_36864_stained.tif,Dataset/Data/tes_unstain/AS-5198-23-Z35_patch_19456_36864_unstained.tif
AS-5198-23-Z35_24576_12288,Dataset/Data/stained/AS-5198-23-Z35_patch_24576_12288_stained.tif,Dataset/Data/tes_unstain/AS-5198-23-Z35_patch_24576_12288_unstained.tif
AS-5198-23-Z35_17408_29696,Dataset/Data/stained/AS-5198-23-Z35_patch_17408_29696_stained.tif,Dataset/Data/tes_unstain/AS-5198-23-Z35_patch_17408_29696_unstained.tif
AS-7231-22-Z17_35840_52224,Dataset/Data/unstained/AS-7231-22-Z17_patch_35840_52224_stained.tif,Dataset/Data/tes_stain/AS-7231-22-Z17_patch_35840_52224_unstained.tif
AS-7231-22-Z17_28672_54272,Dataset/Data/unstained/AS-7231-22-Z17_patch_28672_54272_stained.tif,Dataset/Data/tes_stain/AS-7231-22-Z17_patch_28672_54272_unstained.tif
AS-5198-23-Z36_29696_45056,Dataset/Data/stained/AS-5198-23-Z36_patch_29696_45056_stained.tif,Dataset/Data/tes_unstain/AS-5198-23-Z36_patch_29696_45056_unstained.tif
AS-5198-23-Z36_30720_25600,Dataset/Data/stained/AS-5198-23-Z36_patch_30720_25600_stained.tif,Dataset/Data/tes_unstain/AS-5198-23-Z36_patch_30720_25600_unstained.tif
AS-5198-23-Z36_27648_57344,Dataset/Data/stained/AS-5198-23-Z36_patch_27648_57344_stained.tif,Dataset/Data/tes_unstain/AS-5198-23-Z36_patch_27648_57344_unstained.tif
AS-5198-23-Z35_20480_18432,Dataset/Data/stained/AS-5198-23-Z35_patch_20480_18432_stained.tif,Dataset/Data/tes_unstain/AS-5198-23-Z35_patch_20480_18432_unstained.tif
AS-5198-23-Z36_26624_27648,Dataset/Data/stained/AS-5198-23-Z36_patch_26624_27648_stained.tif,Dataset/Data/tes_unstain/AS-5198-23-Z36_patch_26624_27648_unstained.tif
AS-7231-22-Z17_38912_67584,Dataset/Data/unstained/AS-7231-22-Z17_patch_38912_67584_stained.tif,Dataset/Data/tes_stain/AS-7231-22-Z17_patch_38912_67584_unstained.tif
AS-7231-22-Z17_30720_39936,Dataset/Data/unstained/AS-7231-22-Z17_patch_30720_39936_stained.tif,Dataset/Data/tes_stain/AS-7231-22-Z17_patch_30720_39936_unstained.tif
AS-5198-23-Z36_27648_26624,Dataset/Data/stained/AS-5198-23-Z36_patch_27648_26624_stained.tif,Dataset/Data/tes_unstain/AS-5198-23-Z36_patch_27648_26624_unstained.tif
AS-7231-22-Z17_35840_53248,Dataset/Data/unstained/AS-7231-22-Z17_patch_35840_53248_stained.tif,Dataset/Data/tes_stain/AS-7231-22-Z17_patch_35840_53248_unstained.tif
AS-5198-23-Z35_25600_18432,Dataset/Data/stained/AS-5198-23-Z35_patch_25600_18432_stained.tif,Dataset/Data/tes_unstain/AS-5198-23-Z35_patch_25600_18432_unstained.tif
AS-5198-23-Z35_16384_23552,Dataset/Data/stained/AS-5198-23-Z35_patch_16384_23552_stained.tif,Dataset/Data/tes_unstain/AS-5198-23-Z35_patch_16384_23552_unstained.tif
AS-5198-23-Z35_27648_23552,Dataset/Data/stained/AS-5198-23-Z35_patch_27648_23552_stained.tif,Dataset/Data/tes_unstain/AS-5198-23-Z35_patch_27648_23552_unstained.tif
AS-7231-22-Z17_31744_41984,Dataset/Data/unstained/AS-7231-22-Z17_patch_31744_41984_stained.tif,Dataset/Data/tes_stain/AS-7231-22-Z17_patch_31744_41984_unstained.tif
AS-5198-23-Z36_28672_44032,Dataset/Data/stained/AS-5198-23-Z36_patch_28672_44032_stained.tif,Dataset/Data/tes_unstain/AS-5198-23-Z36_patch_28672_44032_unstained.tif
AS-5198-23-Z35_26624_12288,Dataset/Data/stained/AS-5198-23-Z35_patch_26624_12288_stained.tif,Dataset/Data/tes_unstain/AS-5198-23-Z35_patch_26624_12288_unstained.tif
AS-5198-23-Z35_22528_45056,Dataset/Data/stained/AS-5198-23-Z35_patch_22528_45056_stained.tif,Dataset/Data/tes_unstain/AS-5198-23-Z35_patch_22528_45056_unstained.tif
AS-7231-22-Z17_37888_31744,Dataset/Data/unstained/AS-7231-22-Z17_patch_37888_31744_stained.tif,Dataset/Data/tes_stain/AS-7231-22-Z17_patch_37888_31744_unstained.tif
AS-7231-22-Z17_45056_67584,Dataset/Data/unstained/AS-7231-22-Z17_patch_45056_67584_stained.tif,Dataset/Data/tes_stain/AS-7231-22-Z17_patch_45056_67584_unstained.tif
AS-7231-22-Z17_32768_59392,Dataset/Data/unstained/AS-7231-22-Z17_patch_32768_59392_stained.tif,Dataset/Data/tes_stain/AS-7231-22-Z17_patch_32768_59392_unstained.tif
AS-7231-22-Z17_36864_46080,Dataset/Data/unstained/AS-7231-22-Z17_patch_36864_46080_stained.tif,Dataset/Data/tes_stain/AS-7231-22-Z17_patch_36864_46080_unstained.tif
AS-5198-23-Z36_30720_56320,Dataset/Data/stained/AS-5198-23-Z36_patch_30720_56320_stained.tif,Dataset/Data/tes_unstain/AS-5198-23-Z36_patch_30720_56320_unstained.tif
AS-7231-22-Z17_44032_64512,Dataset/Data/unstained/AS-7231-22-Z17_patch_44032_64512_stained.tif,Dataset/Data/tes_stain/AS-7231-22-Z17_patch_44032_64512_unstained.tif
AS-7231-22-Z17_28672_50176,Dataset/Data/unstained/AS-7231-22-Z17_patch_28672_50176_stained.tif,Dataset/Data/tes_stain/AS-7231-22-Z17_patch_28672_50176_unstained.tif
AS-7231-22-Z17_36864_59392,Dataset/Data/unstained/AS-7231-22-Z17_patch_36864_59392_stained.tif,Dataset/Data/tes_stain/AS-7231-22-Z17_patch_36864_59392_unstained.tif
AS-5198-23-Z35_25600_20480,Dataset/Data/stained/AS-5198-23-Z35_patch_25600_20480_stained.tif,Dataset/Data/tes_unstain/AS-5198-23-Z35_patch_25600_20480_unstained.tif
AS-7231-22-Z17_30720_41984,Dataset/Data/unstained/AS-7231-22-Z17_patch_30720_41984_stained.tif,Dataset/Data/tes_stain/AS-7231-22-Z17_patch_30720_41984_unstained.tif
AS-7231-22-Z17_38912_12288,Dataset/Data/unstained/AS-7231-22-Z17_patch_38912_12288_stained.tif,Dataset/Data/tes_stain/AS-7231-22-Z17_patch_38912_12288_unstained.tif
AS-7231-22-Z17_30720_37888,Dataset/Data/unstained/AS-7231-22-Z17_patch_30720_37888_stained.tif,Dataset/Data/tes_stain/AS-7231-22-Z17_patch_30720_37888_unstained.tif
AS-7231-22-Z17_33792_70656,Dataset/Data/unstained/AS-7231-22-Z17_patch_33792_70656_stained.tif,Dataset/Data/tes_stain/AS-7231-22-Z17_patch_33792_70656_unstained.tif
AS-5198-23-Z35_23552_33792,Dataset/Data/stained/AS-5198-23-Z35_patch_23552_33792_stained.tif,Dataset/Data/tes_unstain/AS-5198-23-Z35_patch_23552_33792_unstained.tif
AS-7231-22-Z17_35840_59392,Dataset/Data/unstained/AS-7231-22-Z17_patch_35840_59392_stained.tif,Dataset/Data/tes_stain/AS-7231-22-Z17_patch_35840_59392_unstained.tif
AS-7231-22-Z17_34816_30720,Dataset/Data/unstained/AS-7231-22-Z17_patch_34816_30720_stained.tif,Dataset/Data/tes_stain/AS-7231-22-Z17_patch_34816_30720_unstained.tif
AS-5198-23-Z36_30720_47104,Dataset/Data/stained/AS-5198-23-Z36_patch_30720_47104_stained.tif,Dataset/Data/tes_unstain/AS-5198-23-Z36_patch_30720_47104_unstained.tif
AS-7231-22-Z17_33792_65536,Dataset/Data/unstained/AS-7231-22-Z17_patch_33792_65536_stained.tif,Dataset/Data/tes_stain/AS-7231-22-Z17_patch_33792_65536_unstained.tif
AS-7231-22-Z17_28672_56320,Dataset/Data/unstained/AS-7231-22-Z17_patch_28672_56320_stained.tif,Dataset/Data/tes_stain/AS-7231-22-Z17_patch_28672_56320_unstained.tif
AS-5198-23-Z35_18432_36864,Dataset/Data/stained/AS-5198-23-Z35_patch_18432_36864_stained.tif,Dataset/Data/tes_unstain/AS-5198-23-Z35_patch_18432_36864_unstained.tif
AS-5198-23-Z36_30720_46080,Dataset/Data/stained/AS-5198-23-Z36_patch_30720_46080_stained.tif,Dataset/Data/tes_unstain/AS-5198-23-Z36_patch_30720_46080_unstained.tif
AS-7231-22-Z17_30720_29696,Dataset/Data/unstained/AS-7231-22-Z17_patch_30720_29696_stained.tif,Dataset/Data/tes_stain/AS-7231-22-Z17_patch_30720_29696_unstained.tif
AS-7231-22-Z17_37888_48128,Dataset/Data/unstained/AS-7231-22-Z17_patch_37888_48128_stained.tif,Dataset/Data/tes_stain/AS-7231-22-Z17_patch_37888_48128_unstained.tif
AS-7231-22-Z17_35840_23552,Dataset/Data/unstained/AS-7231-22-Z17_patch_35840_23552_stained.tif,Dataset/Data/tes_stain/AS-7231-22-Z17_patch_35840_23552_unstained.tif
AS-5198-23-Z35_25600_29696,Dataset/Data/stained/AS-5198-23-Z35_patch_25600_29696_stained.tif,Dataset/Data/tes_unstain/AS-5198-23-Z35_patch_25600_29696_unstained.tif
AS-5198-23-Z35_16384_31744,Dataset/Data/stained/AS-5198-23-Z35_patch_16384_31744_stained.tif,Dataset/Data/tes_unstain/AS-5198-23-Z35_patch_16384_31744_unstained.tif
AS-5198-23-Z35_27648_21504,Dataset/Data/stained/AS-5198-23-Z35_patch_27648_21504_stained.tif,Dataset/Data/tes_unstain/AS-5198-23-Z35_patch_27648_21504_unstained.tif
AS-5198-23-Z36_30720_30720,Dataset/Data/stained/AS-5198-23-Z36_patch_30720_30720_stained.tif,Dataset/Data/tes_unstain/AS-5198-23-Z36_patch_30720_30720_unstained.tif
AS-5198-23-Z35_22528_38912,Dataset/Data/stained/AS-5198-23-Z35_patch_22528_38912_stained.tif,Dataset/Data/tes_unstain/AS-5198-23-Z35_patch_22528_38912_unstained.tif
AS-5198-23-Z35_26624_15360,Dataset/Data/stained/AS-5198-23-Z35_patch_26624_15360_stained.tif,Dataset/Data/tes_unstain/AS-5198-23-Z35_patch_26624_15360_unstained.tif
AS-7231-22-Z17_41984_72704,Dataset/Data/unstained/AS-7231-22-Z17_patch_41984_72704_stained.tif,Dataset/Data/tes_stain/AS-7231-22-Z17_patch_41984_72704_unstained.tif
AS-5198-23-Z35_23552_35840,Dataset/Data/stained/AS-5198-23-Z35_patch_23552_35840_stained.tif,Dataset/Data/tes_unstain/AS-5198-23-Z35_patch_23552_35840_unstained.tif
AS-5198-23-Z36_28672_41984,Dataset/Data/stained/AS-5198-23-Z36_patch_28672_41984_stained.tif,Dataset/Data/tes_unstain/AS-5198-23-Z36_patch_28672_41984_unstained.tif
AS-7231-22-Z17_36864_32768,Dataset/Data/unstained/AS-7231-22-Z17_patch_36864_32768_stained.tif,Dataset/Data/tes_stain/AS-7231-22-Z17_patch_36864_32768_unstained.tif
AS-5198-23-Z36_29696_30720,Dataset/Data/stained/AS-5198-23-Z36_patch_29696_30720_stained.tif,Dataset/Data/tes_unstain/AS-5198-23-Z36_patch_29696_30720_unstained.tif
AS-5198-23-Z36_30720_63488,Dataset/Data/stained/AS-5198-23-Z36_patch_30720_63488_stained.tif,Dataset/Data/tes_unstain/AS-5198-23-Z36_patch_30720_63488_unstained.tif
AS-5198-23-Z36_27648_24576,Dataset/Data/stained/AS-5198-23-Z36_patch_27648_24576_stained.tif,Dataset/Data/tes_unstain/AS-5198-23-Z36_patch_27648_24576_unstained.tif
AS-7231-22-Z17_35840_46080,Dataset/Data/unstained/AS-7231-22-Z17_patch_35840_46080_stained.tif,Dataset/Data/tes_stain/AS-7231-22-Z17_patch_35840_46080_unstained.tif
AS-5198-23-Z35_27648_13312,Dataset/Data/stained/AS-5198-23-Z35_patch_27648_13312_stained.tif,Dataset/Data/tes_unstain/AS-5198-23-Z35_patch_27648_13312_unstained.tif
AS-7231-22-Z17_33792_41984,Dataset/Data/unstained/AS-7231-22-Z17_patch_33792_41984_stained.tif,Dataset/Data/tes_stain/AS-7231-22-Z17_patch_33792_41984_unstained.tif
AS-5198-23-Z35_21504_41984,Dataset/Data/stained/AS-5198-23-Z35_patch_21504_41984_stained.tif,Dataset/Data/tes_unstain/AS-5198-23-Z35_patch_21504_41984_unstained.tif
AS-7231-22-Z17_33792_44032,Dataset/Data/unstained/AS-7231-22-Z17_patch_33792_44032_stained.tif,Dataset/Data/tes_stain/AS-7231-22-Z17_patch_33792_44032_unstained.tif
AS-7231-22-Z17_37888_63488,Dataset/Data/unstained/AS-7231-22-Z17_patch_37888_63488_stained.tif,Dataset/Data/tes_stain/AS-7231-22-Z17_patch_37888_63488_unstained.tif
AS-5198-23-Z35_20480_31744,Dataset/Data/stained/AS-5198-23-Z35_patch_20480_31744_stained.tif,Dataset/Data/tes_unstain/AS-5198-23-Z35_patch_20480_31744_unstained.tif
AS-5198-23-Z36_28672_28672,Dataset/Data/stained/AS-5198-23-Z36_patch_28672_28672_stained.tif,Dataset/Data/tes_unstain/AS-5198-23-Z36_patch_28672_28672_unstained.tif
AS-5198-23-Z35_19456_44032,Dataset/Data/stained/AS-5198-23-Z35_patch_19456_44032_stained.tif,Dataset/Data/tes_unstain/AS-5198-23-Z35_patch_19456_44032_unstained.tif
AS-5198-23-Z36_30720_29696,Dataset/Data/stained/AS-5198-23-Z36_patch_30720_29696_stained.tif,Dataset/Data/tes_unstain/AS-5198-23-Z36_patch_30720_29696_unstained.tif
AS-5198-23-Z35_27648_38912,Dataset/Data/stained/AS-5198-23-Z35_patch_27648_38912_stained.tif,Dataset/Data/tes_unstain/AS-5198-23-Z35_patch_27648_38912_unstained.tif
AS-5198-23-Z35_24576_24576,Dataset/Data/stained/AS-5198-23-Z35_patch_24576_24576_stained.tif,Dataset/Data/tes_unstain/AS-5198-23-Z35_patch_24576_24576_unstained.tif
AS-5198-23-Z36_30720_37888,Dataset/Data/stained/AS-5198-23-Z36_patch_30720_37888_stained.tif,Dataset/Data/tes_unstain/AS-5198-23-Z36_patch_30720_37888_unstained.tif
AS-5198-23-Z35_21504_26624,Dataset/Data/stained/AS-5198-23-Z35_patch_21504_26624_stained.tif,Dataset/Data/tes_unstain/AS-5198-23-Z35_patch_21504_26624_unstained.tif
AS-7231-22-Z17_31744_57344,Dataset/Data/unstained/AS-7231-22-Z17_patch_31744_57344_stained.tif,Dataset/Data/tes_stain/AS-7231-22-Z17_patch_31744_57344_unstained.tif
AS-5198-23-Z35_16384_30720,Dataset/Data/stained/AS-5198-23-Z35_patch_16384_30720_stained.tif,Dataset/Data/tes_unstain/AS-5198-23-Z35_patch_16384_30720_unstained.tif
AS-7231-22-Z17_34816_31744,Dataset/Data/unstained/AS-7231-22-Z17_patch_34816_31744_stained.tif,Dataset/Data/tes_stain/AS-7231-22-Z17_patch_34816_31744_unstained.tif
AS-5198-23-Z35_19456_27648,Dataset/Data/stained/AS-5198-23-Z35_patch_19456_27648_stained.tif,Dataset/Data/tes_unstain/AS-5198-23-Z35_patch_19456_27648_unstained.tif
AS-5198-23-Z35_20480_38912,Dataset/Data/stained/AS-5198-23-Z35_patch_20480_38912_stained.tif,Dataset/Data/tes_unstain/AS-5198-23-Z35_patch_20480_38912_unstained.tif
AS-5198-23-Z35_25600_49152,Dataset/Data/stained/AS-5198-23-Z35_patch_25600_49152_stained.tif,Dataset/Data/tes_unstain/AS-5198-23-Z35_patch_25600_49152_unstained.tif
AS-7231-22-Z17_37888_52224,Dataset/Data/unstained/AS-7231-22-Z17_patch_37888_52224_stained.tif,Dataset/Data/tes_stain/AS-7231-22-Z17_patch_37888_52224_unstained.tif
AS-5198-23-Z36_29696_53248,Dataset/Data/stained/AS-5198-23-Z36_patch_29696_53248_stained.tif,Dataset/Data/tes_unstain/AS-5198-23-Z36_patch_29696_53248_unstained.tif
AS-5198-23-Z35_20480_34816,Dataset/Data/stained/AS-5198-23-Z35_patch_20480_34816_stained.tif,Dataset/Data/tes_unstain/AS-5198-23-Z35_patch_20480_34816_unstained.tif
